0	C=O
0	O
0	C#N
0	N
0	C#C
0	C=CC
1	C(O)=O
1	CO
1	C=CN
1	C(C=C)#N
1	C(N)=N
1	C(C=N)#N
1	C(C(C)C)#N
1	C(CCC)#N
1	CC(C)O
1	CCCO
1	CC(C)N
1	CCCN
1	C(CO)#N
1	C(N)=O
2	C=CNC=C
2	C(NC=C)=N
2	C=CNC(C)C
2	C=CNCCC
2	C(C(CO)O)#N
2	C=CNC(C=C)=N
2	C=CNC(C=N)=N
2	C(NC(C=C)=N)=N
2	C(NC(C=C)=N)=O
2	C=CC(N)=N
2	C(NC(C=N)=N)=N
2	C(NC=N)=N
2	C(NC(C=N)=N)=O
2	C(C(N)=N)=N
2	C(C(C)C)(N)=N
2	C(CCC)(N)=N
2	C(NC(C)C)=N
2	C(NCCC)=N
2	C(CO)(N)=N
2	C(NC=N)=O
2	C(C(C#N)N)#N
2	C(C(C)N)#N
2	C(CCN)#N
2	C(C(C#N)C)#N
2	C(CCC#N)#N
2	C(CN)O
2	C(C(C)O)#N
2	C(CCO)#N
2	C(C)=O
2	C(NCCN)=C
2	C(CN)N
2	C(C(C)NC=C)#N
2	C(CCNC=C)#N
2	C(C=O)#N
2	C=CC(N)=O
2	C(C=N)(N)=O
2	C(C(C)C)(N)=O
2	C(CCC)(N)=O
2	C(CO)(N)=O
2	C(CCNC=N)#N
2	C(CCCO)#N
2	C(CCCC=C)#N
2	C
3	C(CC(C)O)=O
3	C(C(CC=O)O)#N
3	C(CCO)=O
3	CCO
3	C(C)(O)=O
3	C(C(O)=O)#N
3	C=CNCCO
3	C(N(C=C)C=C)=C
3	C(N(C=C)C=C)=N
3	C(N(C=N)C=C)=N
3	C(N(C=N)C=N)=N
3	C(N(C=N)C=N)=O
3	C(C(C(N)=N)N)#N
3	C(C(C)NC=N)#N
3	C(C(C)N)(N)=N
3	C(CCN)(N)=N
3	C(C(C(N)=N)C)#N
3	C(CCC(N)=N)#N
3	C(NCCO)=N
3	C(C(C)O)(N)=N
3	C(CCO)(N)=N
3	C(NCCN)=N
3	C(C(N)=N)=O
3	C=CNC(C=O)=N
3	C(NC(C=O)=N)=N
3	C(NC(C=C)=O)=N
3	C(NC(C=N)=O)=N
3	C=CC(O)=O
3	C(C=N)(O)=O
3	C(C(C)C)(O)=O
3	C(CCC)(O)=O
3	C(CO)(O)=O
3	C(C(C(N)=O)C)#N
3	C(CCC(N)=O)#N
3	C(CC=O)#N
3	C(C(C)=O)#N
3	C(CC=C)#N
3	C(CO)O
3	C(C(C)O)(N)=O
3	C(CCO)(N)=O
3	C1CNCCN1
3	C(C=N)=O
3	C(C=O)=O
3	C(C(C)N)(N)=O
3	C(CCN)(N)=O
3	C(C(C#N)O)#N
3	C(NC=C)=O
3	C=CNC(C=C)=O
3	C=CNC(C=N)=O
3	C(NC(C=C)=O)=O
3	C(NC(C)C)=O
3	C(NCCC)=O
3	C(NC=O)=O
3	C(C(N)=O)=O
3	C(CCNC=O)#N
3	C(C(C(N)=O)N)#N
3	C1(CCN=CN=1)N
3	C(CCCC=O)#N
4	C(C(C=O)CO)#N
4	C(C(CCO)=O)#N
4	CC(CCO)O
4	C(CCO)O
4	C(CO)=N
4	C(CO)=O
4	C(CCCCO)#N
4	C(CCO)(O)=O
4	C(C(N)=N)(O)=O
4	C(CC(O)=O)#N
4	C(C(O)=O)=O
4	C(C(N)=O)(O)=O
4	C(C(C#N)(C)O)#N
4	C1CC(N)=NCN=1
4	C1(CCN=CN=1)O
4	C1(CCC(N1)=N)=N
4	C1(CCC(N1)=N)=O
4	C(CC(N)=N)=O
4	C(C(C)=O)(N)=N
4	C(CC=C)(N)=N
4	C(C(C(N)=N)O)#N
4	C(N(C=N)C=C)=O
4	C(C(C(O)=O)C)#N
4	C(CCC(O)=O)#N
4	C(C(C)O)(O)=O
4	C(C(C)N)(O)=O
4	C(CCN)(O)=O
4	C(CCCC#N)#N
4	C(C(C)CC#N)#N
4	C(C(C)NC=O)#N
4	C(C)=CC=O
4	C(CC=C)=O
4	C(C=CC=O)#N
4	C=CC=O
4	C=C
4	C(C(CO)O)O
4	C(CC(C)O)#N
4	C(NCCO)=O
4	C(C(C)=O)=N
4	C(C(C)=O)=O
4	C(CCCN)#N
4	C(CC(C)N)#N
4	C(CC(C#N)O)#N
4	C(C(C=N)O)#N
4	C(C(C=O)O)#N
4	C(=O)=O
4	C(CC(C)N)=O
4	C(C(CC=O)N)#N
4	C(CCN)=O
4	C(CCNC=C)=O
4	C(N(C=C)C=C)=O
4	C(NCCN)=O
4	C=CNC(C=O)=O
4	C1(CCN=CN1)=O
4	C(CC(N)=O)=O
4	C(C(C)=O)(N)=O
4	C(CC=C)(N)=O
4	C1(CCC(N=1)=N)N
4	C1NCCN=1
4	C(CCC(C)O)#N
4	C(C)#N
5	C(C(CO)O)=O
5	C(CC(O)=O)=O
5	C(C(CO)=O)#N
5	C(CN)=O
5	C(CNC=C)=O
5	C(NCC=O)=N
5	C(C(CN)=O)#N
5	C(C)=CCO
5	C=CCCO
5	C(C=CCO)#N
5	C=CCO
5	C(C)(CO)=O
5	CC(CCO)N
5	C(CCN)O
5	C(C(O)=O)(O)=O
5	C(C)=CC(O)=O
5	C(CC=C)(O)=O
5	C(C=CC(O)=O)#N
5	C(C(C)=O)(O)=O
5	C1N(C=C)CCN=1
5	C(C(CO)O)=N
5	CCN
5	C(C(C=N)(C)O)#N
5	C(C(C=O)(C)O)#N
5	C(C(C)N)=O
5	C(C)(CN)=O
5	C1CC(N=CN=1)N
5	C1CC(O)=NCN=1
5	C1(CC=NCN1)=O
5	C1CNCN=1
5	C#CC=O
5	C1(CCC(N=1)=N)O
5	C1(CCCN1)=N
5	C(C=CC(N)=N)=O
5	C1N(C=N)CCN=1
5	C(C)(N)=N
5	C(C)(NC=C)=N
5	C(NC(C)=N)=N
5	C(NC(C)=N)=O
5	C(C(C)CC=O)#N
5	C(C(C=O)CC)#N
5	C(C(C=O)C)#N
5	C(CCC=O)#N
5	C(CC)#N
5	C(C(C=O)=C)#N
5	C(C(C=C)=O)#N
5	C=CC(C)O
5	C(CCC=C)#N
5	C(C(C#N)=C)#N
5	C(C=CC)#N
5	C(C=CC#N)#N
5	C(CC=CC)#N
5	C=CC(CO)O
5	C(C(CN)O)O
5	C(C(CC)O)=O
5	C(CCCO)=O
5	C(CC(C=O)O)#N
5	C(C(C)O)=O
5	C(C(C=N)=O)#N
5	C(C(CC)N)=O
5	C(CCCN)=O
5	C(CC(C=O)N)#N
5	C(C(C)NC=C)=O
5	C=CNCC
5	CCNC(C)C
5	CCNCCC
5	C=CN(C=C)CC
5	C(C(C)NCC)#N
5	C(CCNCC)#N
5	CCNCCO
5	C(C)NCCN
5	C(C(C=CC)O)#N
5	C(C(CC=C)O)#N
5	C(C(C=C)O)#N
5	C(C(C(C)=O)O)#N
5	C(C(C=O)CN)#N
5	C(C(CCN)=O)#N
5	C1(CCC(N1)=O)=O
5	C(N(C=O)C=C)=O
5	C1(CCC(N)=N1)=O
5	C(O)=CN
5	C1NCN=C(C=1)N
5	C1NC(O)=CCN=1
5	C(C(O)=CN)#N
5	C(C=CC(N)=O)=O
5	C(C)(N)=O
5	C(CN)(O)=O
5	C(CC(C)=O)#N
5	C(CC(C)=O)=O
5	C(C(CC=O)=O)#N
5	C(CC=O)=O
5	C(NCC=O)=O
5	C(C)(C)=O
5	C(CC)=O
5	C(C(C#N)=O)#N
5	C(C(C(N)=N)=O)#N
5	C(C(C(N)=O)=O)#N
5	C(C)=CCN
5	C=CCCN
5	C(C=CCN)#N
5	C=CCN
5	C(C(C)N)=N
5	C(C(CN)O)#N
5	CC(CCN)N
5	C(C(CCN)N)#N
5	C(CCN)N
5	C(CN)#N
5	CC(CCN)O
5	C(CN)(N)=N
5	C(CN)(NC=C)=N
5	C(CN)=N
5	C(CN)(N)=O
5	C(CCCCN)#N
5	CN
5	C1(CCCN=1)N
5	C(CC(C)C)=O
5	C(CCCC=C)=O
5	C(CCC)=O
5	C(CC(C=O)C)#N
5	C(N)=CC=O
5	C(C=CN)#N
6	C(C(CO)N)=O
6	C#CC(CC=O)O
6	C(C)(CCO)=O
6	C(C(C)CO)=O
6	C(CO)(CO)=O
6	C(CO)(CC)=O
6	C(CC(CO)=O)#N
6	C(C(C(C)O)=O)#N
6	C(CO)(CN)=O
6	C(C(C=O)NC)#N
6	C(C(C=O)N)#N
6	C(C(C)NC)=O
6	C(CNCC)=O
6	C(CN)(CC)=O
6	C(CC(CN)=O)#N
6	C(CNC)(C)=O
6	C(C)(CNC=C)=O
6	C(C(C(C)N)=O)#N
6	C(CNCC=C)=O
6	C(CNCC=O)#N
6	C(CNC)=O
6	C(C(CNC)=O)#N
6	CC(CO)N
6	C#CCO
6	C(C(C)CCO)#N
6	C(C(CO)CC)#N
6	C(C(C)CO)#N
6	C(C(CO)=C)#N
6	CCC(CO)O
6	C(CCCO)O
6	CC(CO)O
6	CCC(CO)N
6	C(CCCN)O
6	CC(C)CCO
6	CCCCO
6	C(CC(C)CO)#N
6	C(N)=CCO
6	C#CC(O)=O
6	C(C(C(O)=O)=C)#N
6	C(CC)(O)=O
6	C(N)=CC(O)=O
6	C=C(C=O)N
6	C=C(C=O)NCC
6	C(NCC)=CC=O
6	C=C(C=O)NC
6	C=CNC(C=O)=C
6	C(NC(C=O)=C)=N
6	C(NC)=CC=O
6	C=CNC=CC=O
6	C(NC=CC=O)=N
6	C=CNC=CO
6	C=CNCC=CC
6	C=CCCNC=C
6	C=CNCC=C
6	C(C(C)NC=C)=N
6	C(CNC=C)#N
6	C(CNC=C)(N)=N
6	C(CNC=C)=N
6	C=CNC
6	C(C=CNC=C)#N
6	C1CN(C=C)CN=1
6	C(C(CO)N)#N
6	C(C(CO)N)=N
6	C(C(C(C)=O)N)#N
6	C(C(C)(C)O)#N
6	C1CC(N=CN=1)O
6	C1CN(C=N)CN=1
6	C1NC=CC(N=1)N
6	C1(NCN=CC=1)O
6	C1CCC(N=1)N
6	C#CO
6	C#CC#N
6	C#CC
6	C(O)#CN
6	C#CCN
6	C#CN
6	C1(CCC(O)=N1)=O
6	C1(CCCN=1)O
6	C1NCN=C(C=1)O
6	C1(C(NCC1)=N)=O
6	C1CNC(C=1)=N
6	C1(C(CCN1)N)=N
6	C1(CCCCN1)=N
6	C(NCC)=N
6	C=CC(NCC)=N
6	C(C(NCC)=N)=N
6	C(C)(NCC)=N
6	C(C)(NC(C)=N)=N
6	C(CC)(NC)=N
6	C(CC)(N)=N
6	C(CC)(NC=C)=N
6	C(NC(CC)=N)=N
6	C=C(C=O)C(N)=N
6	C=CC(C(N)=N)=O
6	C(CCC=C)(N)=N
6	C(C(C(N)=N)=C)#N
6	C(C)=CC(NC)=N
6	C(C)=CC(N)=N
6	C(C=CC(N)=N)#N
6	C(CC=CC)(N)=N
6	C(C(C(N)=N)=O)=N
6	C(N(C=C)CC)=N
6	C(NC=CO)=N
6	C(NC(C)=O)=N
6	C(NCC=CC)=N
6	C(NCCC=C)=N
6	C(CN)=CC(N)=N
6	C(NCC=C)=N
6	C(C)(NCC=C)=N
6	C(C(C)NC=N)=N
6	C(CNC=N)#N
6	C(CNC(C)=N)#N
6	C(CN)(NC)=N
6	C(NCC=N)=N
6	C(CNC(C)=N)=N
6	C(N)=CC(NC)=N
6	C(NC)=N
6	C=CC(NC)=N
6	C(C(NC)=N)=N
6	C(CO)(NC)=N
6	C(C(NC)=N)=O
6	C(CC=C)(NC)=N
6	C(C)(NC)=N
6	C(C=CNC=N)#N
6	C(N)=CC(N)=N
6	C(C(C(O)=O)=O)#N
6	C(C(C)C(C)O)#N
6	C(C(C#N)CC)#N
6	C(C(C)CCN)#N
6	C(C(CN)CC)#N
6	C(C(C)CN)#N
6	C(C(C#N)CN)#N
6	C(CC(C#N)N)#N
6	C(CC=N)=O
6	C=CC(C)=O
6	C=CC=C
6	C=CC(C)N
6	C(C(C=N)=C)#N
6	C(C=CC=C)#N
6	C(CN)(O)O
6	C(C(CN)O)=O
6	CC(C(C)O)O
6	C(C(C#N)CO)#N
6	C(C(CC)O)#N
6	C(CC(CC)O)#N
6	CCC(CN)O
6	CC(CN)O
6	CNC(CN)O
6	C(C(N)O)N
6	C(CNCCN)#N
6	C(C(CN)NC)#N
6	CNCCN
6	C(C(CN)N)=O
6	C(C(CN)N)#N
6	C=CC=N
6	C(C(C=C)N)#N
6	C1CCCN1
6	CNC(C)CO
6	CNCCCO
6	CCNCC
6	C1CN(CN=1)CC
6	C(C(C=O)(C)N)#N
6	CC(C(C)O)N
6	C(CCC(C)N)#N
6	C(C(C#N)(C)N)#N
6	C(C(CC)NC)#N
6	C(C(CC)N)#N
6	C(CC(C)NC)#N
6	C(CC(CC)N)#N
6	C=CN(CC)CC
6	C(O)=CNCC
6	CCC(CN)N
6	C(C)=CCNCC
6	C(CCCN)N
6	C=CCCNCC
6	C(CC(CN)N)#N
6	CNC(C)CN
6	CC(CN)N
6	CNCCCN
6	C=CCNC(C)C
6	C=CCNCCC
6	C=CCNCC
6	C(CNC(C)C)#N
6	C(CNCCC)#N
6	C(CNCC)#N
6	C(CNCC)=N
6	CNC(C)C
6	CNCCC
6	C(C(C)NC)#N
6	C(CCNC)#N
6	C(CCCNC)#N
6	C(CCNC)=O
6	CNCC
6	C(C=CNCC)#N
6	C(C(C#C)O)#N
6	C(C(CCC)O)#N
6	C(C(C=CN)O)#N
6	C1CCC(O)O1
6	C(CNCN)=O
6	C1(CCCN1)=O
6	C(N1C=NCC1)=O
6	C(C)(NC=C)=O
6	C(NC(C)=O)=O
6	C(C(C=O)=O)#N
6	C1NCNC(C=1)=O
6	C(N)=C(CO)O
6	C1NCNC=1
6	C1(CC=C(N1)O)=N
6	C(N)=C(C)N
6	C(N)=CN
6	C(CC)(N)=O
6	C=C(C=O)C(N)=O
6	C=CC(C(N)=O)=O
6	C(CCC=C)(N)=O
6	C(C(C(N)=O)=C)#N
6	C(C)=CC(N)=O
6	C(C=CC(N)=O)#N
6	C(CC=CC)(N)=O
6	C(N)=CC(N)=O
6	C1N=CCC(N=1)=O
6	C(C(CC)=O)=O
6	C(CCC=O)=O
6	C(CC(C=O)=O)#N
6	C(C(C=O)C=O)#N
6	C(C)(CCN)=O
6	C(C(CN)=C)#N
6	C(C(C=N)N)#N
6	C(C(CN)CN)#N
6	CC(C)CCN
6	C=CCCCCN
6	CCCCN
6	C(CC(C)CN)#N
6	C(N)=CCN
6	C1(C(N)=NCC1)=O
6	C1CN=C(C=1)N
6	C1(C(CCN=1)N)N
6	C1(CCCCN=1)N
6	C1C=CC(N=1)=N
6	C1CCCN=1
6	C1(C=CC=N1)=O
6	C(C(CCC)=O)#N
6	C(CCN)=CC=O
6	C(C(C)N)=CC=O
6	C(CN)=CC=O
6	C=CCC=CC=O
6	C(CO)=CC=O
6	C(CC=CC=O)=O
6	C(CC=CC=O)#N
6	C(CC(C)C)#N
6	C(C(N)=C)#N
7	C(CN(C=C)C)=O
7	C(O)#CNCC=O
7	C#CCNCC=O
7	C#CNCC=O
7	C#CNC(C=O)C
7	C#CNCC(C)=O
7	C(CN)(CN)=O
7	C(C(CO)N)O
7	CC(CO)CO
7	CNCCO
7	C=C(CO)N
7	C=C(CO)NC
7	C=CNC(CO)=C
7	C(CO)=CNC
7	C=CNC=CCO
7	C(CCO)=N
7	C(C(CN)N)O
7	C(N)NCCO
7	C(CO)=CCN
7	C=CCC=CCO
7	C(CO)=CCO
7	C(CC=CCO)#N
7	C(CNC)(O)=O
7	C=C(C(O)=O)N
7	C(CC=N)(O)=O
7	C=C(N)O
7	C(N)=CC
7	C=C(C)N
7	C(N)=C(N)O
7	C(O)=C(N)N
7	C=C(CN)N
7	C=C(N)N
7	C(C(C(N)=C)O)#N
7	C#CNC(CO)=C
7	C#CNC=CCO
7	C(O)#CNC(O)=C
7	C#CCNC(O)=C
7	C#CNC(O)=C
7	C=C(NC=C)O
7	C(NC(O)=C)=N
7	C=C(NCC)O
7	C=C(NCC=C)O
7	C(CNC(O)=C)#N
7	C=C(NC)O
7	C(O)#CNC=CO
7	C#CCNC=CO
7	C#CNC=CO
7	C=CCNC=CO
7	C(CNC=CO)#N
7	C(O)=CNC
7	C(C(NC#C)=C)#N
7	C(C(NC=C)=C)#N
7	C(C(NC=N)=C)#N
7	C(C(NCC)=C)#N
7	C(C(NC)=C)#N
7	C(C=CNC#C)#N
7	C(C=CNC)#N
7	C(O)#CNC=CC
7	C#CCNC=CC
7	C#CNC=CC
7	C(NC=CC)=CN
7	C=CNC=CC
7	C(NC=CC)=N
7	C(C)=CNC(C)C
7	C(C)=CNCCC
7	C(CNC=CC)=O
7	C(C)=CNCC
7	C(C)(NC=CC)=N
7	C(O)=CNC=CC
7	C=CCNC=CC
7	C(CNC=CC)#N
7	C(CNC=CC)=N
7	C(C)=CNC
7	C(O)#CNC(C)=C
7	C#CCNC(C)=C
7	C#CNC(C)=C
7	C(NC(C)=C)=CN
7	C=CNC(C)=C
7	C(NC(C)=C)=N
7	C=C(C)NC(C)C
7	C=C(C)NCCC
7	C(CNC(C)=C)=O
7	C=C(C)NCC
7	C(C)(NC(C)=C)=N
7	C=C(C)NC=CO
7	C=C(C)NCC=C
7	C(CNC(C)=C)#N
7	C(CNC(C)=C)=N
7	C=C(C)NC
7	C(NC=CN)#CO
7	C(NC(N)=C)#CO
7	C(O)#CNC=C
7	C(NC(O)=CN)#C
7	C(NC)(O)=CN
7	C(NC(N)=CO)#C
7	C(O)=C(N)NC
7	C#CCNC=CN
7	C#CCNC(N)=C
7	C#CCNC=C
7	C(NC(CN)=C)#C
7	C(NC(CN)=C)=C
7	C(NC(CN)=C)=N
7	C=C(CN)NC
7	C(NC=CCN)#C
7	C(NC=CCN)=C
7	C(NC=CCN)=N
7	C(NC)=CCN
7	C(NC=CN)#C
7	C(NC(N)=C)#C
7	C#CNC=C
7	C#CNC(C=O)=C
7	C#CNC=CC=O
7	C(NC=CN)=CN
7	C(NC=CN)=C
7	C(NC=CN)=N
7	C(NCC)=CN
7	C(C)(NC=CN)=N
7	C(NCC=C)=CN
7	C(CNC=CN)#N
7	C(CNC=CN)=N
7	C(NC)=CN
7	C(NC(N)=C)=CN
7	C(NC(N)=C)=C
7	C(NC(N)=C)=N
7	C=C(N)NCC
7	C(C)(NC(N)=C)=N
7	C=C(N)NCC=C
7	C(CNC(N)=C)#N
7	C(CNC(N)=C)=N
7	C=C(N)NC
7	C=CC(C)NC=C
7	C(NC=C(C)N)=C
7	C(NC(C)=CN)=C
7	C=CNCCCC
7	C(NCC=CN)=C
7	C=C(N(C=C)C)O
7	C=CN(C=CO)C
7	C=CN(C=CC)C
7	C=C(C)N(C=C)C
7	C(N(C=CN)C)=C
7	C(N(C(N)=C)C)=C
7	C=CN(C=C)C
7	C(N(C=CC)C)=N
7	C(C)=CN(C)CC
7	C(N(C(C)=C)C)=N
7	C=C(C)N(C)CC
7	C(N(C=CN)C)=N
7	C(N(C(N)=C)C)=N
7	C(N(C=C)C)=N
7	C(C)(N(C=C)C)=N
7	C=CN1CCCC1
7	C=CN(C)C(C)C
7	C=CN(C)CCC
7	C=CN(C)CC
7	C(N1C=CNC1)=C
7	C(C(O)=C)#N
7	C(C=CO)#N
7	C(C(C)=C)#N
7	C(C(N)=CO)#N
7	C(CC#N)#N
7	C(C(C=C)(C)O)#N
7	C1CCC(N=1)O
7	C1NC=CC(N=1)O
7	C1N(CCN=1)CC
7	C(N1CN=CC1)=O
7	C1CC(C(N=1)N)=O
7	C1C(N=CC=1)N
7	C1CC(C(N=1)N)N
7	C1CCCC(N=1)N
7	C#CC(NC)=N
7	C#CC(N)=N
7	C(N)#CC
7	C#CC(N)=O
7	C#CNC=N
7	C#CC=N
7	C#CC=C
7	C#CNCC
7	C#CC(C(O)=O)N
7	C1(C(O)=NCC1)=O
7	C1CN=C(C=1)O
7	C1(CCCCN=1)O
7	C1(CC(CN1)=O)=N
7	C1(C=CC(N1)=N)=N
7	C1(C(C)CCN1)=N
7	C1(CNCCN1)=N
7	C1(CCC(C)N1)=N
7	C1(CC(CN1)N)=N
7	C1(CCCN1C)=N
7	C1(C(C=CN1)O)=N
7	C1(C=CC(N1)=N)=O
7	C1(CC(C)CN1)=N
7	C#CNC(C#C)=N
7	C#CC(NC=C)=N
7	C#CC(NC=N)=N
7	C#CC(NC=O)=N
7	C#CC(NCC)=N
7	C(O)#CNC=N
7	C(O)#CNC(C)=N
7	C#CCNC=N
7	C#CCNC(C)=N
7	C#CNC(C=C)=N
7	C#CNC(C=N)=N
7	C#CNC(CO)=N
7	C#CNC(C=O)=N
7	C#CNC(C)=N
7	C#CNC(CC)=N
7	C(NC(CN)=N)#C
7	C(N(C=N)CC)=N
7	C(N(C=N)C)=N
7	C(N(C(C)=N)C)=N
7	C(NC(C=C)C)=N
7	C=C(C=N)C(N)=N
7	C=CC=CC(N)=N
7	C(C(C=C)N)(N)=N
7	C(N1CCCC1)=N
7	C(N(C)CC)=N
7	C#CC(C(N)=N)O
7	C(N1C=CNC1)=N
7	C(NC=C(C)N)=N
7	C(NC(C)=CN)=N
7	C=C(C(N)=N)CN
7	C(NCC=CN)=N
7	C=C(C(N)=N)N
7	C=C(C(NC)=N)N
7	C(C(C(C)=O)C)#N
7	C(CCC(C)=O)#N
7	C(C(C=C)C)#N
7	C(C(C)C(C)N)#N
7	C(C(C=N)C)#N
7	C(CCC=N)#N
7	C(C1CNCN1)#N
7	C(C(C(C)N)N)#N
7	C(C(CN)(C)N)#N
7	C(C)(CC)=O
7	C#CC=CC=O
7	C=C(C=O)C
7	C(C(CC)=C)#N
7	C=C(CC)N
7	C=CC(C)C
7	C=CCC
7	C(CC(C)=C)#N
7	C=C(C=N)N
7	C(C(C)=CC)#N
7	C(C=CCC)#N
7	C(CC)=CN
7	C=CCNC
7	C(C)=C(C)N
7	C1CCOC=1
7	C(C(CN)O)N
7	C(C)(C(C)O)=O
7	C(C(C=N)CO)#N
7	C(CC(C=C)O)#N
7	C(C=CC(C)O)#N
7	C(C=CCCO)#N
7	C(C(C)O)=N
7	C1C(CC(N=1)=N)O
7	C1CC(C(N=1)=N)O
7	C1(CC(C=N1)O)=O
7	C1(C(CC=N1)O)=O
7	C(CC=CN)#N
7	C(CC(N)=C)#N
7	C(NCCNC)#C
7	CNCCNC
7	C#CCNCCN
7	C(NC(CN)N)#C
7	C(NCCN)#C
7	C1NCC(N)N1
7	CC(C(N)N)N
7	C(C(N)N)N
7	CNC(CN)N
7	C(C(CN)N)N
7	C(C(CNC)N)#N
7	C(C)(NC)=O
7	C=CCCC=C
7	C=CC=CC=O
7	C(C)N1CCCC1
7	CC1CCCCN1
7	C1CCCCCN1
7	C(C1CCCN1)=O
7	C(O)#CNC(C)C
7	C(O)#CNCCC
7	C(O)#CNCC
7	C#CCNC(C)C
7	C#CCNCCC
7	C#CCNCC
7	C#CNCCC=C
7	C#CNC(C=C)C
7	C#CNC(C=N)C
7	C#CNCCC=N
7	C#CNC(C)C
7	C#CNCCC
7	C(C(C)NC#C)#N
7	C(CCNC#C)#N
7	C#CNCCC=O
7	C#CNC(C)CO
7	C#CNCCCO
7	C(NC(C)CN)#C
7	C(NCCCN)#C
7	C(C)(C(C)N)=O
7	C=CCCNC
7	C=CC(C)NCC
7	C=CC(C)NC
7	CC(C(C)N)N
7	C(C(C=N)(C)N)#N
7	C(C(C=N)CN)#N
7	C(C(CC=C)N)#N
7	C(CC(C=C)N)#N
7	C(C=CC(C)N)#N
7	C(C=CCCN)#N
7	C(C(C)NC)=N
7	C(CCN)=N
7	C(CCNC=C)=N
7	C(CCNC)=N
7	CN(CC)CC
7	C1N(CNC=1)CC
7	C1(CC(CN=1)N)N
7	C1C(CC(N=1)=N)N
7	C1CC(C(N=1)=N)N
7	C1(CC(C=N1)N)=O
7	C1(C(CC=N1)N)=O
7	C(C(CC=N)O)#N
7	C#CC(CC=O)N
7	C(C(C)CN)=O
7	C(NC(C=O)=C)=O
7	C(NC=CC=O)=O
7	C1(C(NCC1)=O)=O
7	C1CNC(C=1)=O
7	C1(CCCCN1)=O
7	C(NCC)=O
7	C=CC(NCC)=O
7	C(C)(NCC)=O
7	C(CC)(NC)=O
7	C(CC)(NC=C)=O
7	C(C)=CC(NC)=O
7	C(N(C=C)CC)=O
7	C(NC=CO)=O
7	C(NCC=CC)=O
7	C(NCCC=C)=O
7	C(NCC=C)=O
7	C(C)(NCC=C)=O
7	C(CNC=O)#N
7	C(CNC(C)=O)#N
7	C(CN)(NC)=O
7	C(NCC=N)=O
7	C(NC)=O
7	C=CC(NC)=O
7	C(C=N)(NC)=O
7	C(CO)(NC)=O
7	C(C(NC)=O)=O
7	C(CC=C)(NC)=O
7	C(C=CNC=O)#N
7	C1(CC=C(N1)O)=O
7	C(N)=C(CO)N
7	C1NC(CC=1)N
7	C1CCNC=1O
7	C1NC=CC(N=1)=O
7	C(C(N)=CN)#N
7	C1CCNC=1
7	C=C(C(N)=O)C=N
7	C=CC=CC(N)=O
7	C#CC(C(N)=O)O
7	C=C(C(N)=O)N
7	C(C(CO)=O)=O
7	C(C(C(C)=O)=O)#N
7	C(C(CO)=O)=N
7	C1(CCC=N1)=O
7	C(C(C#N)C=O)#N
7	C(CC(C#N)=O)#N
7	C(C(O)O)=O
7	C(C(C=O)O)=O
7	C(C(NC)O)=O
7	C(C(N)O)=O
7	C(C(CN)=O)=O
7	C(C(C=O)N)=O
7	C(C(CC)=O)#N
7	C(CC(CC)=O)#N
7	C(C=CC(C)=O)=O
7	C(C=CC=O)=O
7	C#CC(CCN)O
7	CC(CO)CN
7	CNCC(C)N
7	C(N)NCCN
7	C(C(CCC)N)#N
7	C(CN)=CCN
7	C=CCC=CCN
7	C(CC=CCN)=O
7	C(CC=CCN)#N
7	C1(CC(CN=1)=O)N
7	C1(C=CC(N=1)=N)N
7	C1(C(C)CCN=1)N
7	C1(CCC(C)N=1)N
7	C1(C(C=CN=1)O)N
7	C1(CC(C)CN=1)N
7	C1(CNCCN=1)N
7	C1N=C(C=CN=1)N
7	C1C(C)N=CC=1
7	C1CN=CC=1
7	C1CCN=CC=1
7	C#CCCCC=O
7	C(C)(CCC)=O
7	C1(CC(C=N1)C)=O
7	C#CCC=CC=O
7	C(CCCC#C)#N
7	C(C(C=N)CC)#N
7	C(CC(C=C)C)#N
7	C(C=CCC#C)#N
7	C(C=CCC=C)#N
7	C(C=CCC=O)#N
7	C(C=CCC#N)#N
7	CC
7	CNC
8	C1C(CC(C=1)=O)O
8	C(C(C=N)O)=O
8	C(C)#CNCC=O
8	C(C(C=N)N)=O
8	C#CNCC(O)=O
8	C(CNC)(N)=O
8	C(NCC(N)=O)#C
8	C(CN(C)C)=O
8	C#CCNCCO
8	C#CNCCO
8	C#CC=CCO
8	C=C(C)CO
8	C=CC=CCO
8	C#CC(CCO)N
8	C(C(O)O)O
8	CNC(CO)O
8	C(C(N)O)O
8	C#CCCCCO
8	C#CCC=CCO
8	C#CC=CC(O)=O
8	C=C(C(O)=O)C
8	C=CC=CC(O)=O
8	C(C(O)O)(O)=O
8	C(C(N)O)(O)=O
8	C(NC(N)=C)=CC
8	C=C(N)NC(C)=C
8	C(NCC(N)=C)=C
8	C=C(N)NC(N)=C
8	C(N)(N)=CC
8	C(N)=CC=N
8	C=CC=CN
8	C=C(C=C)N
8	C(NCC(N)=C)=N
8	C=C(C=CC=O)N
8	C(N)=CC=CC=O
8	C1NC=C(NC=1)O
8	C(O)=C1NC=CN1
8	C=C1NC=C(N1)O
8	C1NC(CNC=1)=C
8	C1NC=CCNC=1
8	C=C1NCC(N1)=C
8	C1NC(NCC=1)=C
8	C1NC=CNC=1
8	C=C1NC=CN1
8	C1(CNC=CN1)=N
8	C1(CNC(N1)=C)=N
8	C=C1CNCCN1
8	C1NCCNCC=1
8	C1NCC(N)NC=1
8	C1(NCC(N)N1)=C
8	C1NC(CN)NC=1
8	C1NCCNC=1
8	C=C1NCCN1
8	C1NCC(C)NC=1
8	C=C1NCC(C)N1
8	C1NCCCNC=1
8	C=C1NCCCN1
8	C=C1C(CCN1)O
8	C1C(CCNC=1)O
8	C=C(NC=CC)O
8	C=C(NC(C)=C)O
8	C(NC=CC)=CC
8	C=C(C)NC=CC
8	C=C(C)NC(C)=C
8	C(NC=CNC)=C
8	C(NC(NC)=C)=C
8	C=C(C(N)=N)NC
8	C(NC)=CC(N)=N
8	C(NC=C)#CC
8	C(NC(O)=C)#CC
8	C(NC=CO)#CC
8	C(C)#CNC=CC
8	C(C)#CNC(C)=C
8	C(NC=CN)#CC
8	C(NC(N)=C)#CC
8	C(NC(N)=CC)=C
8	C(NC(N)=CC)=N
8	C(C)=C(N)NC
8	C(NC(N)=CC)#C
8	C(C)(NC)=CN
8	C(NC(C)=CN)#C
8	C(NC=CNC)=N
8	C(NC(NC)=C)=N
8	C=CNC(C=N)=C
8	C(NC(C=N)=C)=N
8	C=C(C=N)NCC
8	C=C(C=N)NC
8	C#CNC(C=N)=C
8	C=CNC=CC=N
8	C(NC=CC=N)=N
8	C(NCC)=CC=N
8	C(NC)=CC=N
8	C#CNC=CC=N
8	C=CNC=CC=C
8	C(NC=CC=C)=N
8	C=CC=CNCC
8	C=CC=CNC
8	C#CNC=CC=C
8	C=C(C=C)NC=C
8	C(NC(C=C)=C)=N
8	C=C(C=C)NCC
8	C=C(C=C)NC
8	C#CNC(C=C)=C
8	C=C(CC)NC=C
8	C=CNC=CCC
8	C=CNC(C)=CC
8	C1N(C)CCNC=1
8	C=C1NCCN1C
8	C#CN(C=C)C=C
8	C#CN(C=N)C=C
8	C=C(C=N)N(C)C
8	C(N(C)C)=CC=N
8	C=CC=CN(C)C
8	C=C(C=C)N(C)C
8	C#CN(C=C)CC
8	C=CCN(C=C)C
8	C=CN1C=CCC1
8	C=CN(C)C
8	C=C(C=O)N(C)C
8	C(N(C)C)=CC=O
8	C=C(N(C)C)O
8	C(O)=CN(C)C
8	C(C(N(C)C)=C)#N
8	C(C=CN(C)C)#N
8	C(C)=CN(C)C
8	C=C(C)N(C)C
8	C(N(C)C)=CN
8	C=C(N)N(C)C
8	C(C(N)=CC)#N
8	C(C(C)=CN)#N
8	C(C=CC=N)#N
8	C(C(C=C)=C)#N
8	C(CC=N)#N
8	C(C(C)(CC)O)#N
8	C1CC(C(N=1)O)=O
8	C1C(N=CC=1)O
8	C1CCCC(N=1)O
8	C1C(CC(N=1)N)N
8	C1(C=NC(C1)N)=O
8	C1CC(C)C(N=1)N
8	C1(C)CCC(N=1)N
8	C1C(C)CC(N=1)N
8	C1CNCC(N=1)N
8	C1CN=C(C=1)C
8	C1CC=CCN=1
8	C#CNC#CO
8	C(O)#CNC
8	C#CNCC#C
8	C#CNC#C
8	C#CNCC=C
8	C(CNC#C)#N
8	C#CNCC=N
8	C#CNC
8	C#CN(C=C)C
8	C#CN(C=N)C
8	C(O)#CC#N
8	C(NC=N)#CC
8	C#CCC
8	C(C)#CC
8	C(CC#C)#N
8	C(N)#CCO
8	C(N)#CC#N
8	C#CC(C)O
8	C#CCCO
8	C#CC(C)N
8	C#CCCN
8	C#CNC=O
8	C(N)#CN
8	C#CCC#C
8	C#CCC=C
8	C#CCC=O
8	C1(CC(CN=1)=O)O
8	C1(C=CC(N=1)=N)O
8	C1(C(C)CCN=1)O
8	C1(CCC(C)N=1)O
8	C1(C(C=CN=1)O)O
8	C1(CC(C)CN=1)O
8	C1N=C(C=CN=1)O
8	C1(CC=CN1)=N
8	C1C(C)NC(C=1)=N
8	C1CCNC(C=1)=N
8	C1(CC=CCN1)=N
8	C=C(C(N)=N)O
8	C(O)=CC(N)=N
8	C=C(C(N)=N)C
8	C=C(C(NC)=N)C
8	C(CC(N)=N)#N
8	C(CC(NC)=N)#N
8	C(C)#CNC(C)=N
8	C#CC(NC=N)=O
8	C#CN(C=N)C=N
8	C#CN(C=N)CC
8	C(C(C=C)C)(N)=N
8	C(C(C(N)=N)C)=N
8	C(CCC(N)=N)=N
8	C=C(C(N)=N)CC
8	C(NC(CC)=C)=N
8	C(CC(C)=C)(N)=N
8	C(C)=C(C(N)=N)C
8	C(CC)=CC(N)=N
8	C(NC=CCC)=N
8	C(N(C)CC=C)=N
8	C(NC(C)=CC)=N
8	C(CC=CN)(N)=N
8	C(CC(N)=C)(N)=N
8	C(CCNC=N)=N
8	C(N(C=N)C)=O
8	C(N1C=CCC1)=N
8	C(N(C)C)=N
8	C=CC(N(C)C)=N
8	C(C(N(C)C)=N)=N
8	C(C)(N(C)C)=N
8	C#CC(N(C)C)=N
8	C=C(C(O)=O)C=N
8	C(C(C)(N)O)#N
8	C(CC(N)O)#N
8	C(C(C)(C)N)#N
8	C(CC(N)N)#N
8	C(C(C)(N)N)#N
8	C(C(C)CNC)#N
8	C(C(C)(C)NC)#N
8	C(CC(N)NC)#N
8	C(C(C)(N)NC)#N
8	C(C(C#N)(C)C)#N
8	C(C(C#C)C)#N
8	C(CCC#C)#N
8	C(C(C=O)(C)C)#N
8	C(C(C)(CC)N)#N
8	C(CCC(C)C)#N
8	C(C(C)C(C)C)#N
8	C(CCCC)#N
8	C(C(C)CC)#N
8	C(CC(C=N)N)#N
8	C(C1CCCO1)#N
8	C(C1COCC1)#N
8	C(C1CCCN1)#N
8	C(C1CNCC1)#N
8	C(C1C=NCC1)#N
8	C(C1CN=CC1)#N
8	C(NCN)=C
8	C#CC=CCN
8	C=C(C)CN
8	C(C(N)N)(O)O
8	C(C(N)N)O
8	CNCC(O)O
8	C#CNCC(C)O
8	CNCC(C)O
8	CNC(CO)N
8	C1C(CCN1)O
8	C#CCC(C=O)O
8	C(C(C)(C)O)=O
8	CC(C)C(C)O
8	CC(CC)O
8	C(CC(C)(C)O)#N
8	C1C(CCO1)O
8	C1C(CC(C)N=1)O
8	C1CC(C(C)N=1)O
8	C1C(CCN=1)O
8	C1CC(CN=1)O
8	C1C(CCCN=1)O
8	C1CC(CCN=1)O
8	C(O)#CNC(C)=O
8	C#CNC(C=O)O
8	C#CNC(CO)=O
8	C#CCNC(C)=O
8	C#CNC(C)=O
8	C(C)(N(C=C)C)=O
8	C1CC=C(N=1)N
8	C1CC(N)=CN=1
8	C(C=C(C)N)#N
8	C(N)(NCN)=C
8	C(N)N
8	C1NCCNC=1C
8	CNCC(N)O
8	C(NCC(C)N)#C
8	C(C(N)N)(N)O
8	CNCC(N)N
8	C(NCC(N)N)#C
8	C(NCCN)#CC
8	C(C(CN)N)=N
8	C1C(CCN1)N
8	CN(C)CCN
8	C(N)=CC(C=N)=O
8	C#CC(C=N)=O
8	C#CC(C=O)=O
8	C1N=CC(C=1)=O
8	C=CC(N)N
8	C(CCCN)=CC
8	C=CCCC(C)N
8	C(C(CC=C)N)=O
8	C=CC=C(N)O
8	C#CC(C=C)O
8	C#CN1CCCC1
8	CN1CCCC1
8	C1CC(C)NCC=1
8	C1CCCNCC=1
8	C(C)#CNC(C)C
8	C(C)#CNCCC
8	C(C)#CNCC
8	C#CC(C)N(C)C
8	C#CC(C)NC=C
8	C#CC(C)NCC
8	C#CC(C)NC
8	C#CC(C)NC#C
8	C#CCCN(C)C
8	C#CCCNC=C
8	C#CCCNCC
8	C#CCCNC
8	C#CCCNC#C
8	C#CN(CC)CC
8	C#CCC(C=O)N
8	C(C(C)(C)N)=O
8	C=C(CC)NCC
8	CC(C)C(C)N
8	CNCCCC
8	C#CNCCCC
8	CC(CC)N
8	C=CNC(C)CC
8	CNC(C)CC
8	C#CNC(C)CC
8	C(CC(C)(C)N)#N
8	C(CC)=CNCC
8	C=CCN(C)CC
8	C(C)=C(C)NCC
8	C(CC(C=C)N)=O
8	C1CCN(C=1)CC
8	C1C(CC(C)N=1)N
8	C1CC(C(C)N=1)N
8	C1C(CCN=1)N
8	C1C(CCN=1)NC
8	C1CC(CN=1)N
8	C1CC(CN=1)NC
8	C1C(CCCN=1)N
8	C1CC(CCN=1)N
8	CN(C)C(C)C
8	CN(C)CCC
8	C(C(C)N(C)C)#N
8	C(CCN(C)C)#N
8	CN(C)CC
8	C=CCCN(C)C
8	C=CC(C)N(C)C
8	C(C(C(C)=C)O)#N
8	C(NC(O)=C)=O
8	C(C(NC=O)=C)#N
8	C(NC=CC)=O
8	C(C)(NC=CC)=O
8	C(NC(C)=C)=O
8	C(C)(NC(C)=C)=O
8	C(NC=CN)=O
8	C(NC(N)=C)=O
8	C(N(C=CC)C)=O
8	C(N(C(C)=C)C)=O
8	C(N(C=C)C)=O
8	C#CC(NC)=O
8	C1(CC(CN1)=O)=O
8	C1(C(C)CCN1)=O
8	C1(CCC(C)N1)=O
8	C1(CCCN1C)=O
8	C1(C(C=CN1)O)=O
8	C1(C=CC(N1)=O)=O
8	C1(CC(C)CN1)=O
8	C#CNC(C#C)=O
8	C#CC(NC=C)=O
8	C#CC(NC=O)=O
8	C#CC(NCC)=O
8	C(O)#CNC=O
8	C#CCNC=O
8	C#CNC(C=C)=O
8	C#CNC(C=N)=O
8	C#CNC(C=O)=O
8	C#CNC(CC)=O
8	C(NC(CN)=O)#C
8	C(NC(C=C)C)=O
8	C(N1CCCC1)=O
8	C(N(C)CC)=O
8	C(N1C=CNC1)=O
8	C1(C=CC(N)=N1)=O
8	C1NC(C=CN=1)=O
8	C1CC(NC=1)O
8	C1NC(C(C=1)=O)N
8	C1NC(C(C=1)N)N
8	C1NC(CCC=1)N
8	C1CCCNC=1O
8	C(C(CO)=CN)#N
8	C(N)=C(C)O
8	C1(CC(O)=CN1)=N
8	C1(CC(O)=CN1)=O
8	C(NCC=CN)#C
8	C(C(CN)=CN)#N
8	C(N)=CCNC
8	C1(CC(N)=CN1)=N
8	C1(C(C=CN1)N)=N
8	C1(CC(N)=CN1)=O
8	C1(C(C=CN1)N)=O
8	C1(CC=CN1)=O
8	C1(CC(C)=CN1)=O
8	C(C(CC)=CN)#N
8	C=C(C(N)=O)O
8	C(O)=CC(N)=O
8	C=C(C(N)=O)C
8	C(CC(N)=O)#N
8	C(C(C=C)C)(N)=O
8	C=C(C(N)=O)CC
8	C(CC(C)=C)(N)=O
8	C(C)=C(C(N)=O)C
8	C(CC)=CC(N)=O
8	C1CC(C(N=1)=O)=O
8	C1(CCCC=N1)=O
8	C#CC(C(O)=O)=O
8	C(NC(C=O)N)#C
8	C1(CNCN1)=O
8	C(C)(C(N)N)=O
8	C(C(N)N)=O
8	C(C(N)NC)=O
8	C(C(C)=O)(C)=O
8	C(C(C=O)C=N)#N
8	C(C(CC=C)=O)#N
8	C(CC(C=C)=O)#N
8	C(C=CC(C)=O)#N
8	C1(CC(C=N1)=O)=N
8	C1CC(C(N=1)=N)=O
8	C1(CC(C=N1)=O)=O
8	C#CC(CC=O)=O
8	C(C(C=O)C)=O
8	C(C(C=O)=O)=O
8	C=CC=CCN
8	C#CC(CCN)N
8	CC(CN)CN
8	C(CN)=CC(C)=O
8	C#CCCCCN
8	CCCC(C)N
8	C#CCC=CCN
8	C1(CNC(N=1)=C)N
8	C1(CC=CN=1)N
8	C1C(C)N=C(C=1)N
8	C1(CNC=CN=1)N
8	C1CCN=C(C=1)N
8	C1(CC=CCN=1)N
8	C1NC(CN=1)=C
8	C1NC=CN=1
8	C1(C)NC=CN=1
8	C1CNC(N=1)=C
8	C1N(C=CN=1)C
8	C1NC=C(C)N=1
8	C1NC(C)=CN=1
8	C1NC=CCN=1
8	C1CNC=CN=1
8	C1NCC=CN=1
8	C#CC(C)CC=O
8	C(C(C)CC)=O
8	C(CC(C=C)C)=O
8	C(CCCC)=O
8	C(CC)=CC=O
8	C(CNC)=CC=O
8	C(C(C)CCC)#N
8	C(C(CC)CC)#N
8	C(CC(C)CC)#N
8	C(C=CCNC)#N
9	C#CC(C=O)CO
9	C#CCC(CO)=O
9	C(C(CN)=O)=N
9	C#CN(C)CC=O
9	C(NCC=O)#CN
9	C#CCC(CN)=O
9	C(C)#CNCCO
9	CN(C)CCO
9	C=C(C=CCO)N
9	C(N)=CC=CCO
9	C(C(C)(C)CO)#N
9	CC(C)(CO)O
9	C#CC(CO)=O
9	C#CCC(CO)N
9	CC(C)(CO)N
9	C#CC(CCO)=O
9	C#CC(C)CCO
9	CC(CO)CC
9	CCCCCO
9	C(CC)=CCO
9	C#CCC(O)=O
9	C(C(N)N)(O)=O
9	C(NC=C(N)O)#C
9	C(NC)=C(N)O
9	C(NCC(N)=C)#C
9	C(C=C(N)O)#N
9	C(N)(N)=CCO
9	C(C=C(N)N)#N
9	C(C(C)O)=CN
9	C=C(C(C)O)N
9	C(CCO)=CN
9	C=C(CCO)N
9	C(N)=CC(C)N
9	C=C(C(C)N)N
9	C(N)=CCCN
9	C=C(CCN)N
9	C(N)=C(N)N
9	C#CCC=CN
9	C#CCC(N)=C
9	C=CCC=CN
9	C=C(CC=C)N
9	C(CC=CN)=O
9	C(CC(N)=C)=O
9	C(C(C=CN)C)#N
9	C(C(C(N)=C)C)#N
9	C(CCC=CN)#N
9	C(CCC(N)=C)#N
9	C=C(C=CCN)N
9	C(N)=CC=CCN
9	C=C(C(C=N)=O)N
9	C=C(C(C=O)=O)N
9	C(N)=CC(C=O)=O
9	C=C(C(C=C)O)N
9	C=CC(C=CN)O
9	C1NC(NC=1)=CC
9	C1NC=C(C)NC=1
9	C=C1NC=C(C)N1
9	C=C1C=CCN1
9	C1NCC=CC=1
9	C(C)=C1NCCN1
9	C(C1CC=CN1)=O
9	C1(CNC=CN1)=O
9	C1(CNC(N1)=C)=O
9	C(C1NC=CN1)=O
9	C=C1C(CCN1)N
9	C1NCCC(C=1)N
9	C1CCCCNC=1
9	C=C1CCCCN1
9	C1CC=CCNC=1
9	C=C1CC=CCN1
9	C(NC(NC)=C)#C
9	C(NC=CNC)#C
9	C=C(NC)NC
9	C(NC)=CNC
9	C(C=C(NC)O)#N
9	C(C(NC)=CO)#N
9	C(CC)=CNC
9	C#CNC=CCC
9	C=C(CC)NC
9	C#CNC(CC)=C
9	C(C)=C(C)NC
9	C#CNC(C)=CC
9	C(CC=CNC)#N
9	C(CC(NC)=C)#N
9	C(NC=C)#CCO
9	C(NC=C)#CC#N
9	C(C(NC)=CN)#N
9	C(C=C(N)NC)#N
9	C(NC=C)#CN
9	C(NC(O)=C)#CN
9	C(NC=CO)#CN
9	C(NC=CC)#CN
9	C(NC(C)=C)#CN
9	C(NC=CN)#CN
9	C(NC(N)=C)#CN
9	C(NC(N)=CN)=C
9	C(N)(NC)=CN
9	C(NC(N)=CN)#C
9	C#CCC=CNC
9	C#CCC(NC)=C
9	C=CCC=CNC
9	C=CCC(NC)=C
9	C(CC=CNC)=O
9	C(CC(NC)=C)=O
9	C=CNCNC=C
9	C=CNCC(C)=C
9	C=C(NCN)O
9	C(NCN)=CO
9	C(C(NCN)=C)#N
9	C(C=CNCN)#N
9	C(NCN)=CC
9	C=C(C)NCN
9	C(NCN)=CN
9	C=C(C=N)NCN
9	C(NCN)=CC=N
9	C(NCN)=CC=C
9	C=CC(NCN)=C
9	C(NC(C=C)N)=C
9	C=CNC=C(C)O
9	C1CCN(C=1)C
9	C#CN1C=CCC1
9	C(O)#CN(C=C)C
9	C#CN(C#C)C=C
9	C#CN(C(O)=C)C
9	C#CN(C=CO)C
9	C#CN(C=CC)C
9	C#CN(C(C)=C)C
9	C(N(C=CN)C)#C
9	C(N(C(N)=C)C)#C
9	C(CC)=CN(C)C
9	C=C(CC)N(C)C
9	C(C)=C(C)N(C)C
9	C(N(C=C)CN)=C
9	C1N(C=CN=1)C=C
9	C(C(O)=CNC)#N
9	C(C=C(C#N)O)#N
9	C(C(C#N)=CO)#N
9	C(C(CC#N)=C)#N
9	C(C(N)=CCO)#N
9	C(C(C#N)=CN)#N
9	C(C=C(C#N)N)#N
9	C(C(C(C)O)=C)#N
9	C(C(CCO)=C)#N
9	C(C(C(C)N)=C)#N
9	C(C(CCN)=C)#N
9	C(C(CC#C)=C)#N
9	C(C(CC=C)=C)#N
9	C(C(CC=O)=C)#N
9	C(N)O
9	C#CC(C=O)N
9	C#CC(CN)=O
9	C#CC(C=O)NC
9	C#CC(CNC)=O
9	C(C)(C(C)NC)=O
9	C1(C=NC(C1)O)=O
9	C1CC(C)C(N=1)O
9	C1(C)CCC(N=1)O
9	C1C(C)CC(N=1)O
9	C1(C)CC(CN=1)O
9	C1(C)C(CCN=1)O
9	C1CCC(CN=1)O
9	C1(C)CC(CN=1)N
9	C1(C)C(CCN=1)N
9	C1CCC(CN=1)N
9	C1C(N=C(C=1)C)N
9	C1CC=CC(N=1)N
9	C1CC(N=CC=1)N
9	C=C1C=NCN1
9	C1NCN=CC=1
9	C#CNC#CC
9	C(C)#CNC
9	C#CN(C)C
9	C(C)#CC#N
9	C#CCC(N)=N
9	C1N=CCC#1
9	C(NCN)#C
9	C(C=C)#CO
9	C#CCNC
9	C(N)#CCN
9	C(CC)#CN
9	C#CC(C)=O
9	C1(C=CC(O)=N1)=O
9	C1(CNC(N=1)=C)O
9	C1(CC=CN=1)O
9	C1C(C)N=C(C=1)O
9	C1(CNC=CN=1)O
9	C1CCN=C(C=1)O
9	C1(CC=CCN=1)O
9	C1CN(C(C=1)=N)C
9	C(C)=C(C(N)=N)N
9	C(N)=C(C(N)=N)C
9	C(C=CC(N)=N)=N
9	C=C(C(N)=N)C=C
9	C(CC(N)=N)=N
9	C(CC(NC)=N)=N
9	C(O)#CN(C=N)C
9	C#CN(C#C)C=N
9	C(NCC(N)=N)#C
9	C#CN(C(C)=N)C
9	C(O)#CC(N)=N
9	C(O)#CC(NC)=N
9	C#CCC(NC)=N
9	C(NC=N)#CCO
9	C(NC=N)#CC#N
9	C(N)#CC(N)=N
9	C(N)#CC(NC)=N
9	C#CC(C)NC=N
9	C#CCCNC=N
9	C#CN(C=O)C=N
9	C(NC=N)#CN
9	C(NC(C)=N)#CN
9	C#CC(C(N)=N)C
9	C#CCCC(N)=N
9	C(NCNC=C)=N
9	C(N(C=C)CN)=N
9	C(NCC(C)=C)=N
9	C(C)(N)=CC(N)=N
9	C(NCN)=N
9	C=CC(NCN)=N
9	C(C)(NCN)=N
9	C#CC(NCN)=N
9	C(NC(C=C)N)=N
9	C1N(C=N)C=CN=1
9	C=C(C(O)=O)O
9	C(O)=CC(O)=O
9	C(C(CC)(N)N)#N
9	C(C(C)C(N)N)#N
9	C(C(CC=N)N)#N
9	C(C(C=C)CN)#N
9	C(C(C=C)(C)N)#N
9	C(C(C)CC#C)#N
9	C(CCNCN)#N
9	C(C(C)NCN)#N
9	C(C(C)(C)CN)#N
9	C(CCC(N)N)#N
9	C(C1CN=CN1)#N
9	C(C1CNC=N1)#N
9	C1C=CC(C=1)=O
9	C#CC(C=C)N
9	C#CCCC=C
9	C1CNCC=1
9	C(C)=C(C)C
9	C(C)=CC
9	C(C=C(C)C)#N
9	C1COCC=1
9	C1CC=C(C)N=1
9	C1CC=CN=1
9	CC(C(N)N)O
9	C(C(CN)O)=N
9	C=CC(CN)O
9	C=CC(CO)N
9	C#CN(C)CCO
9	CC(CN)(O)O
9	C#CC(CO)O
9	C(CC(C=N)O)#N
9	C(C(C=C)CO)#N
9	C#CCC(C)O
9	C#CCCCO
9	C#CCC(CN)O
9	CC(C)(CN)O
9	C1(C=NCC1O)=O
9	C(CC(N)N)O
9	C(C)#CNC(C)=O
9	C(C)(N(C)C)=O
9	C1CC(CN=1)=O
9	C(C)(NCN)=O
9	C(CN)=NC(N)=C
9	C1NC(N)=CC=1
9	C1NC=CC=1N
9	C(N)=C(C=CN)N
9	C1C2NCC(N1)N2
9	C=CC(CN)N
9	C(N(C)CCN)#C
9	C(NCCN)#CN
9	C1CNC(CN)N=1
9	C=CC(CCN)=O
9	C=CCC=CC
9	C(C)=CC=CCN
9	C=CCC=C(N)O
9	C=CCCC
9	C(CC)=CC
9	CCC1CCCN1
9	CC1CCC(C)N1
9	C1CCNCC=1
9	C1C(C)NCC=1
9	C(O)#CN(C)CC
9	C#CN(C#C)CC
9	C#CN(C)C(C)C
9	C#CN(C)CCC
9	C#CN(C)CC
9	C(CO)#CNCC
9	C(NCC)#CC#N
9	C(NC(C)C)#CN
9	C(NCCC)#CN
9	C(NCC)#CN
9	C#CCC(C)N
9	C#CCC(C)NC
9	C#CCCCN
9	C#CCCCNC
9	C#CCC(CN)N
9	CC(C)(CN)N
9	C=C(CNCC)C
9	C(N)NC(C)C
9	C(N)NCCC
9	C(N)NCC
9	C#CC(C)NCN
9	C#CCCNCN
9	C(CC(N)N)N
9	C#CC(C(C)N)O
9	C(C(CC#C)O)#N
9	C1C(CC(C=1)=O)N
9	C(NC(C=N)=C)=O
9	C(NC=CC=N)=O
9	C(NC=CC=C)=O
9	C(NC(C=C)=C)=O
9	C#CN(C=O)C=C
9	C#CN(C=O)C
9	C(NC=O)#CC
9	C1C(C)NC(C=1)=O
9	C1CCNC(C=1)=O
9	C1(CC=CCN1)=O
9	C=C(C(NC)=O)C
9	C(CC(NC)=O)#N
9	C#CN(C=O)CC
9	C(NC(CC)=C)=O
9	C(NC=CCC)=O
9	C(N(C)CC=C)=O
9	C(NC(C)=CC)=O
9	C(N(C=O)C)=O
9	C(N1C=CCC1)=O
9	C(N(C)C)=O
9	C=CC(N(C)C)=O
9	C#CC(N(C)C)=O
9	C(N)=C(C=O)O
9	C(N)=C(C=O)N
9	C1NC(C(C=1)=O)O
9	C1CCC(NC=1)O
9	C1NC(CC=1N)N
9	C1NC(C(C=1)C)N
9	C1CC(N)NC=1C
9	C=C1CCC(N)N1
9	C1NC(CC=1C)N
9	C1(NCC(C=1)=O)O
9	C1(C)CCNC=1O
9	C1CC(C)NC=1O
9	C1NC(O)=C(C=1)O
9	C1C(C)CNC=1O
9	C(CC(N)=CN)#N
9	C(C1CCNC=1)#N
9	C(C1C=CNC1)#N
9	C1(CC(C)NC=1)O
9	C1C(C(C)NC=1)O
9	C1(CCNC=1)O
9	C1C(CNC=1)O
9	C1(CCCNC=1)O
9	C(N)=C(CN)N
9	C1NC(C)CC=1N
9	C1NC(C)C(C=1)N
9	C1NCCC=1N
9	C1NCCC=1NC
9	C1NCC(C=1)N
9	C1NCC(C=1)NC
9	C1NCCCC=1N
9	C1NC(C(C=1)=O)=O
9	C1(CCC=CN1)=O
9	C(C(C=O)=CN)#N
9	C1NC(C(C=1)=O)=N
9	C(C=CC=N)(N)=O
9	C=C(C(N)=O)C=C
9	C(CC=N)(N)=O
9	C(O)#CC(N)=O
9	C#CCC(N)=O
9	C(N)#CC(N)=O
9	C#CC(C(N)=O)C
9	C#CCCC(N)=O
9	C(C(C=N)=O)=O
9	C1(C(C)CC=N1)=O
9	C1(CCC(C)=N1)=O
9	C1(CNCC=N1)=O
9	C(CC(C=N)=O)#N
9	C(C(O)O)(N)=O
9	C(C(N)O)(N)=O
9	C1(CNCC1)=O
9	C(CCC=CC)=O
9	C(C)(CCC=C)=O
9	C=CCC(C=O)=O
9	C#CCC(C=O)=O
9	C(C)(C(C)C)=O
9	C(CC(C=C)=O)=O
9	C1(C=NC(C)C1)=O
9	C1(C(C)N=CC1)=O
9	C1(C=NCC1)=O
9	C1(C=NCCC1)=O
9	C1(CCN=CC1)=O
9	C#CC(CCN)=O
9	C1C(CC(C=1)O)N
9	C(C(C=CN)N)=N
9	C#CC(C=N)N
9	C1C(C=CN=1)N
9	C#CC(C)CCN
9	CC(CN)CC
9	C=CC(C)CCN
9	CCCCCN
9	C(CC)=CCN
9	C1NCC(N=1)=C
9	C1CCC(N=1)=N
9	C=C1C=CC=N1
9	C1N=CC=CC=1
9	C(C)=CC(C=N)=O
9	C(C)=CC(C=O)=O
9	C(C(C(C)C)N)#N
9	C(CC(C=N)C)#N
9	C(C(C=C)CC)#N
9	C(C=C(CO)O)#N
9	C(C=C(C)O)#N
9	C(C=C(CN)O)#N
9	C(C=C(CC)O)#N
9	C(C=C(CO)N)#N
9	C(C=C(CN)N)#N
9	C(C=C(CC)N)#N
9	C(C=CC(N)N)#N
9	C(C)=NC(C=C)=O
9	CCC
9	C(C(COC)=C)#N
9	C(C(CNC)=C)#N
9	C(C(C=NC)=C)#N
10	C#CC(C=O)O
10	C1C(C(CN=1)=O)O
10	C(CNCO)=O
10	C1C(C(CN=1)=O)N
10	C1CC(CO)NC=1
10	C#CC(CO)N
10	C#CC(CO)NC
10	C(N)=CCC=CN
10	C=C(CC=CN)N
10	C=C(CC(N)=C)N
10	C(NC=C(N)N)=C
10	C(NC=C(C)N)#C
10	C(NC)=C(C)N
10	C=CC(N)=CO
10	C=C(CNC)N
10	C(N)(N)=CCN
10	C(CC)=C(N)N
10	C(N)=C(CC)N
10	C(N)=CC(C)=O
10	C=C(C(C)=O)N
10	C=CC(C(N)=C)N
10	C(N)=CC(C=C)N
10	C=CCCC=CN
10	C=C(CCC=C)N
10	C(C(C(N)=C)N)=N
10	C1(CNC(C1)=C)=O
10	C1(CNC=CC1)=O
10	C1NC=CCC=1
10	C=C1CC=CN1
10	C1(NC=CN1)=CN
10	C1NC=C(N)NC=1
10	C1(NC=C(N)N1)=C
10	C1N(C(NC=1)=C)C
10	C1N(C=CNC=1)C
10	C1NCC(C=1)=O
10	C1(C(C=CN1)C)=N
10	C1(CCC=CN1)=N
10	C1(CCC(N1)=C)=N
10	C=C1C(NCN1)=N
10	C1NCNC(C=1)=N
10	C=C1CC(CN1)O
10	C1CC(CNC=1)O
10	C1(NCCN1)=CN
10	C1NCCNC=1N
10	C1CC(C)NC=1
10	C1CCCNC=1
10	C=C1CCCN1
10	C1NC(CN)CC=1
10	C=C1CC(CN1)N
10	C1NCC(CC=1)N
10	C1NCNC(C=1)C
10	C=C1C(C)NCN1
10	C1NCNCCC=1
10	C=C1CCNCN1
10	C=C1C(CCN1)=O
10	C1NCCC(C=1)=O
10	C=C1C(C)CCN1
10	C1C(C)CCNC=1
10	C=CNCO
10	C=C(NCO)O
10	C(O)=CNCO
10	C(C(NCO)=C)#N
10	C(C=CNCO)#N
10	C(C)=CNCO
10	C=C(C)NCO
10	C(NCO)=CN
10	C=C(N)NCO
10	C=CC=CNCO
10	C=C(C=C)NCO
10	C(C(NC)=CC)#N
10	C(C=C(C)NC)#N
10	C1CC=C(N=1)NC
10	C1CC(NC)=CN=1
10	C(NCNC=C)#C
10	C=CC=C(NC)O
10	C=CC(NC)=CO
10	C(N)#CCNC=C
10	C(NC=C)#CCN
10	C(CC)#CNC=C
10	C(NC)=CC(C)=O
10	C=C(C(C)=O)NC
10	C1CC=CN(C=1)C
10	C=C1CC=CN1C
10	C1N(C)CC(C=1)=O
10	C1(CC=CN1C)=N
10	C1CC(C)N(C=1)C
10	C1CCCN(C=1)C
10	C=C1CCCN1C
10	C1N(CCC=1)CN
10	C(C)#CN(C=C)C
10	C(N(C=C)CN)#C
10	C#CCN(C=C)C
10	C=CN1CC=CC1
10	C(C(C)=CNC)#N
10	C(C(C#N)=CC)#N
10	C(C=C(C#N)C)#N
10	C(C1N=CCC=1)#N
10	C(C1CC=NC=1)#N
10	C(C(O)=CC=C)#N
10	C(C(C=C)=CO)#N
10	C(C(N)=CCN)#N
10	C(C(N)=CCC)#N
10	C(C(C(C)=O)=C)#N
10	C1(C=NCC1N)=O
10	C(C(C#C)(C)O)#N
10	C(C(C=CC)N)=O
10	C(CN)(CC=C)=O
10	C(C)=CC(CN)=O
10	C(C(C(N)=C)NC)=O
10	C(C(C=CN)NC)=O
10	C(C(C=N)NC)=O
10	C(C(CC=C)NC)=O
10	C#CCC(C=O)NC
10	C(C(C=CC)NC)=O
10	C=C(C(CNC)=O)N
10	C(N)=CC(CNC)=O
10	C(C=N)(CNC)=O
10	C(CNC)(CC=C)=O
10	C#CCC(CNC)=O
10	C(C)=CC(CNC)=O
10	C(C(C(N)=C)N)=O
10	C(C(C=CN)N)=O
10	C=C(C(CN)=O)N
10	C(N)=CC(CN)=O
10	C1C(N=C(C=1)C)O
10	C1CC=CC(N=1)O
10	C1CC(N=CC=1)O
10	C(C1C=NCN1)#N
10	C(C1CNCN=1)#N
10	C1(CN)NCCN=1
10	C1(CN=C(C)C1)=O
10	C1(C(C)=NCC1)=O
10	C1CCC(CN=1)=O
10	C(C(CN=C)=C)#N
10	C(NC)#CC#N
10	C(NC#CN)#C
10	C(NC)#CN
10	C#CN(C#C)C
10	C(CO)#CC#N
10	C(C#CC#N)#N
10	C(C)#CC(N)=N
10	C#CN=CCN
10	C1C=CNC#1
10	C(N)#CC=CN
10	C#CC(N)=CN
10	C(O)#CCC=C
10	C(N)#CC=O
10	C(CC#CN)#N
10	C(CN)#CC#N
10	C(CC)#CC#N
10	C#CC(N)N
10	C#CCOC
10	C#CC=NC
10	C=C1C(NCC1)=N
10	C1(CCNCN1)=N
10	C1(C(C)NCN1)=N
10	C1(CCC(N)N1)=N
10	C1(CNC(C=1)=N)O
10	C1(CNC(C=1)=N)N
10	C1C(N)NC(C=1)=N
10	C(NCO)=N
10	C(C)(NCO)=N
10	C#CC(NCO)=N
10	C(C)#CN(C=N)C
10	C(C)#CC(NC)=N
10	C(NCNC=N)#C
10	C(N(C=N)CN)#C
10	C#CCN(C=N)C
10	C(N)#CCNC=N
10	C(NC=N)#CCN
10	C(CC)#CNC=N
10	C(N1CC=CC1)=N
10	C(C)(C)=CC(N)=N
10	C(C=CC=N)(O)=O
10	C=C(C(O)=O)C=C
10	C(O)#CC(O)=O
10	C(N)#CC(O)=O
10	C#CC(C(O)=O)C
10	C#CCCC(O)=O
10	C(CCC#CO)#N
10	C(C(C#CO)C)#N
10	C(C(C)(C)CC)#N
10	C(C1CCC=N1)#N
10	C(CCCCC)#N
10	C(C(C)C)=O
10	C#CC(C=O)=C
10	C#CC(C=C)=O
10	C#CC(C=C)C
10	C=C(C)CC
10	C1(C)CC=CN=1
10	C1CCC=CN=1
10	C=C(CN)O
10	C#CC=CC
10	C(N)=C(C)C
10	C#CC=C(C)N
10	C(C=CC#C)#N
10	C1NC(C)=CC=1
10	C1NC=CC=1
10	C1C(C=CC=1)N
10	C1C(CO)NCC=1
10	C1C(CNCC=1)O
10	C(O)#CCCO
10	C(O)#CC(C)O
10	C1CC(C(C=1)=O)O
10	C#CC(C(C)O)N
10	C#CCCC(C)O
10	CC(C)(CC)O
10	C(C(C(C)C)O)#N
10	CCCC(C)O
10	CCC(CC)O
10	C1CC(C(N=1)=C)O
10	C1C(CO)N=CC=1
10	C1C(CC(N=1)=C)O
10	C1CC(C=CN=1)O
10	C1C(CN=CC=1)O
10	C1C(CC=CN=1)O
10	C#CCCC=O
10	C#CCC(C)=O
10	C(CCC=C)=O
10	C(C)(CC=C)=O
10	C(C(C(C)=O)=O)=N
10	C(NC(C)=O)#CN
10	C#CN(C(C)=O)C
10	C1(CNC(C)C1)=O
10	C1(CNCCC1)=O
10	C(CN)=NC=CN
10	C(N)=CC(N)=CC
10	C=C(C=CN)N
10	C=C(C=CN)NC
10	C1C(CNCC=1)N
10	C1C(CN)NCC=1
10	C(C(N)N)(N)N
10	C(NCCN)O
10	C1C(CN)NCN=1
10	C1C(CNCN=1)N
10	C1(N)NCC(C=1)N
10	C1NCC(C=1N)N
10	C=CC(C=C)=O
10	C#CC(CC)=O
10	C(N)=CC(CC)=O
10	C(CC)=CCCN
10	C=CCC(CC)N
10	C(CC(C)N)=CC
10	C=CC(C)=C(N)O
10	C(N)(O)=CC=CC
10	C=C(C=C(N)O)C
10	C(C(C=C)=CN)#N
10	C(C(C=CN)=C)#N
10	C(N)=C(C=CC)O
10	C=CCC(O)=CN
10	C=CC(O)=CN
10	C(N)=C(C=CC)N
10	C=CCC(N)=CN
10	C=CC(N)=CN
10	C=CC(NC)=CN
10	C=CC(CN)=O
10	C1C(C=CC=1)O
10	C=CC(C=C)C
10	C1C2CCC(N=1)N2
10	C1(C(C)NCC1)=O
10	C1(CCNCC1)=O
10	C1C(CC)NCC=1
10	CC1CCNCC1
10	CC1C(C)CCN1
10	C(NC(C)C)O
10	C(NCCC)O
10	C(NCC)O
10	C#CC(C)NCO
10	C#CCCNCO
10	C(C)#CN(C)CC
10	C(NCNCC)#C
10	C(N(CN)CC)#C
10	C(CCN)#CO
10	C(CCNC)#CO
10	C(C(C)N)#CO
10	C(C(C)NC)#CO
10	C#CCN(C)CC
10	C(N)#CCNCC
10	C(NCC)#CCN
10	C(CC)#CNCC
10	C1CC(C(C=1)=O)N
10	C#CC(C(C)N)N
10	C#CCCC(C)N
10	C1CN(CC)CC=1
10	CC(C)(CC)N
10	C1C(CCO1)N
10	CCC(CC)N
10	C1CC(C(N=1)=C)N
10	C1C(CC(N=1)=C)N
10	C1CC(C=CN=1)N
10	C1C(CC=CN=1)N
10	C=CO
10	C#CC(C=O)CN
10	C(N)#CCC=O
10	C1CN(C(C=1)=O)C
10	C(O)#CN(C=O)C
10	C#CN(C#C)C=O
10	C(O)#CC(NC)=O
10	C#CCC(NC)=O
10	C(NC=O)#CCO
10	C(NC=O)#CC#N
10	C(N)#CC(NC)=O
10	C#CC(C)NC=O
10	C#CCCNC=O
10	C#CN(C=O)C=O
10	C(NC=O)#CN
10	C(NCC(C)=C)=O
10	C(NCN)=O
10	C#CC(NCN)=O
10	C(N1C=NC=C1)=O
10	C(CC=C(C)N)=O
10	C1C(C)C(NC=1)O
10	C1CC(NC=1C)O
10	C=C1CCC(N1)O
10	C1(C)CC(NC=1)O
10	C1C(CNC=1C)O
10	C1(CCNC=1C)O
10	C1C(CNC=1C)N
10	C1(C)NCCC=1N
10	C=C1C=CC(N)N1
10	C1NC(C=CC=1)N
10	C1NC(O)=CC=1
10	C1(NCC=CC=1)O
10	C(C(C=CN)N)#N
10	C(N)=C(CN)O
10	C(CC(O)=CN)#N
10	C1(C(C=CN1)C)=O
10	C1(CC=C(C)N1)=O
10	C1(CCC(N1)=C)=O
10	C1NC(C(C=1)=O)C
10	C(CC(C)=CN)#N
10	C(C)#CC(N)=O
10	C(C)(C)=CC(N)=O
10	C1(C=CC(C)=N1)=O
10	C1CC=CC(N=1)=O
10	C1(CC=CC=N1)=O
10	C(C(CC=N)=O)#N
10	C(C(C=O)C=C)#N
10	C(C(C=C)O)=O
10	C=CC(CO)=O
10	C(C(C)(O)O)=O
10	C=C(N=CC=O)N
10	C(C(C=C)N)=O
10	C(C1N=CCN1)=O
10	C(C)=CC=CC=O
10	C(CC(N)N)=O
10	C#CC(C(C)=O)O
10	C1(C=CC(C1)=O)=O
10	C(C(C(C)C)=O)#N
10	C(C=C(C=O)O)#N
10	C(C=C(C=O)N)#N
10	C#CC(CO)CN
10	C#CC(CN)N
10	C#CC(CN)NC
10	C#CC(CNC)N
10	C1C(CC(C=1)N)N
10	C(C(C=CC)N)=N
10	C1(C(C=CN=1)C)N
10	C1(CCC(N=1)=C)N
10	C=C1C(N)=NCN1
10	C=C1C(N)=NCC1
10	C1(C(C)NCN=1)N
10	C1(CCC(N=1)N)N
10	C1(CC(N)=CN=1)N
10	C1(CN=C(C=1)N)O
10	C1(CN=C(C=1)N)N
10	C1C(N=C(C=1)N)N
10	C1(CCC=CN=1)N
10	C1(CCNCN=1)N
10	C1NC=NC#1
10	C1NC(C)=NC#1
10	C1N=CN=C(C#1)N
10	C1NCC=NC#1
10	C1(CCC(C1)N)=O
10	C1C(C)CC(C=1)=O
10	C1CNCC(C=1)=O
10	C(C)=CC(C)=O
10	C(CC)=CC(C)=O
10	C(CCC)=CC=O
10	C(C(C)C)=CC=O
10	C(CC(C)(N)N)#N
10	C(CC(C)(C)C)#N
10	C(C=CC(N)O)#N
10	C(C=C(C)CO)#N
10	C(C=C(C)CN)#N
10	C(C=C(C)CC)#N
10	C(C=CCCC)#N
10	C(C=CC(C)C)#N
10	C=CC(C=NC)=O
11	C1(CC=CC1O)=O
11	C#CC(C(C)O)=O
11	C1(CC=CC1N)=O
11	C=CC(CNC)=O
11	C(C(C=C)NC)=O
11	C#CC(C(C)N)=O
11	C(NCCO)O
11	CC(C)CO
11	C#CC(CO)=C
11	C=CCCCO
11	C(CCO)#CN
11	CC(CO)(O)O
11	C(C)=CC=CCO
11	C#CC(C(O)=O)=C
11	C(N)#CCC(O)=O
11	C(C(N)=CNC)#N
11	C(NC=C(N)N)#C
11	C(NC)=C(N)N
11	C(N)=CC=C(N)N
11	C=C(C(N)=CN)N
11	C=CCC(N)=CO
11	C(N)(N)=CC=O
11	C(CC=C(N)N)#N
11	C(N)=CC(N)N
11	C=C(C(N)N)N
11	C(COC)=CN
11	C=C(COC)N
11	C=C(C=NC)N
11	C(N)=CC=NC
11	C=C(C=O)C=CN
11	C=C(C=O)C(N)=C
11	C=C(C(C=C)=O)N
11	C=CC(C=CN)=O
11	C=CC(C(N)=C)C
11	C=CC(C=CN)C
11	C(N)=CC=CC
11	C=C(C=CC)N
11	C=C(C=C(C)N)N
11	C(N)=CC=C(C)N
11	C(C=CC=CN)#N
11	C(C=CC(N)=C)#N
11	C(CCC=CN)=O
11	C(CCC(N)=C)=O
11	C(C)(CC=CN)=O
11	C(C)(CC(N)=C)=O
11	C=C(C(CC)=O)N
11	C1NC(N)=CN=1
11	C1NC=C(N=1)N
11	C1(C)NC(N)=CN=1
11	C1(C)NC=C(N=1)N
11	C1CNC(N)=CN=1
11	C1CNC=C(N=1)N
11	C1NC=CNC#1
11	C1CCC(C)NC=1
11	C=C1CCC(C)N1
11	C(C1C=CNC1)=O
11	C=C1C(NCN1)=O
11	C1C(CO)CNC=1
11	C(NC=C)#CNC
11	C1NC(NC)=CC=1
11	C1NC=CC=1NC
11	C(C=O)#CNC=C
11	C#CC(N)NC=C
11	C=C(C=NC)NC
11	C(NC)=CC=NC
11	C=CNCC(O)=C
11	C(C)=CC=CNC
11	C=C(C=CC)NC
11	C=CNC=C(C)C
11	C1NC(NC)=CN=1
11	C1NC=C(N=1)NC
11	C1CCN(C=1)CO
11	C1CCN(C=1O)C
11	C1N(C)CC(C=1)N
11	C=CN(C=C)CO
11	C(N(C=C)C)#CN
11	C1C=CN(C#1)C=C
11	C(N1C=CC=C1)=C
11	C1N(C=NC#1)C=C
11	C(C1NC=CC=1)#N
11	C(C1C=CNC=1)#N
11	C(C(N)=CC=O)#N
11	C(C(C(N)N)=C)#N
11	C(C=CCOC)#N
11	C(C=CC=NC)#N
11	C(C=CC=CC)#N
11	C(C(C=CC)=C)#N
11	C(C1NC=NC=1)#N
11	C(C1N=CNC=1)#N
11	C#CC(C(C)=O)N
11	C(C)(C(C=N)NC)=O
11	C(C=N)(C(C)NC)=O
11	C(C(C(C)=O)N)=N
11	C(C=N)(C(C)N)=O
11	C#CCN=C
11	C(C1CCCN=1)#N
11	C1CN=C(C=1)CO
11	C1C(C=CCN=1)O
11	C1NC(CN)CN=1
11	C1NCC(CN=1)N
11	C(C1NCCN=1)=O
11	C1NC(C(N=1)N)=C
11	C1CC(C(N=1)N)=C
11	C1NC(C)C(N=1)N
11	C1C(N=CC=1O)N
11	C1C(N=CC=1N)N
11	C1NCCC(N=1)N
11	C=NCC(C=C)=O
11	C#CNCO
11	C#CC#CN
11	C#CC#CC
11	C(C=CN)#CC
11	C#CC(N)=CC
11	C#CC=CN
11	C#CC(N)=C
11	C#CC(NC)=C
11	C(C=CC)#CO
11	C(C(C)=C)#CO
11	C(C(C#C)=C)#N
11	C(C=CC)#CN
11	C(N)#CCC=C
11	C(C=C)#CN
11	C(CC=O)#CC
11	C(C(C#C)N)#N
11	C#CN=CC=O
11	C(C=O)#CC#N
11	C1N=C(CC#1)N
11	C1CN=C(C#1)N
11	C#CC#C
11	C#CC(N)O
11	C#CCCC
11	C#CC(C)C
11	C1(C(C=CN=1)C)O
11	C1(CCC(N=1)=C)O
11	C=C1C(O)=NCN1
11	C=C1C(O)=NCC1
11	C1(CC(N)=CN=1)O
11	C1(CN=C(C=1)O)O
11	C1(CN=C(C=1)O)N
11	C1C(N=C(C=1)O)N
11	C1(CCC=CN=1)O
11	C1N=CN=C(C#1)O
11	C1CNC(C=1N)=N
11	C=C1C(NC=C1)=N
11	C1(CC(C)=CN1)=N
11	C1C(NC(C=1)=N)O
11	C1(C)CNC(C=1)=N
11	C(NC)#CC(N)=N
11	C(N(C=N)C)#CN
11	C(NC=N)#CNC
11	C(CO)#CC(N)=N
11	C(C(N)=N)#CC#N
11	C1C=CN(C#1)C=N
11	C(C=O)#CNC=N
11	C(N)#CCC(N)=N
11	C(CN)#CC(N)=N
11	C(CC)#CC(N)=N
11	C#CC(N)NC=N
11	C(NC=C(C)C)=N
11	C#CC=CC(N)=N
11	C(N1C=CC=C1)=N
11	C1N=CN(C#1)C=N
11	C(C)#CC(O)=O
11	C(C(C#C)CC)#N
11	C(C1CC=CN1)#N
11	C#CCC=CC
11	C=C(C=O)O
11	C#CC(CN)=C
11	C#CC(C=O)(C)O
11	C#CC(C)C(C)O
11	C#CC(CC)O
11	C(CC(C#C)O)#N
11	C1CC(C(C=1)N)O
11	C(C)(C(C=C)N)=O
11	C(C)(NCO)=O
11	C(CC(N)=CC)=O
11	C(C)(N=CC=O)=O
11	C(N)=CC=NCN
11	C=C(C=NCN)N
11	C=C(C=C(N)N)N
11	C#CC=CNC
11	C1C2CC(CN2)N1
11	C(N)#CC(CN)N
11	C#CC(C(N)N)N
11	C(C)(N)=CC(C)=O
11	C=CC=CCC
11	C(C)=CC=CC
11	C=CC(C(C)N)=O
11	C=CC(C)C(C)N
11	C(C)(CCN)=CC
11	C=CC(O)=C(C)N
11	C=CC(N)=C(C)N
11	C=CC(N)=NCN
11	C1CCC(C=1)=O
11	C1(CC=CC1)=O
11	C1(CCCN1)=CN
11	C(N(C)CC)#CN
11	C(NCC)#CNC
11	C1C=CN(C#1)CC
11	C(CCCN)#CO
11	C(CC(C)N)#CO
11	C(NCC)#CC=O
11	C#CC(N)NCC
11	C#CC(C=O)(C)N
11	C#CC(C)C(C)N
11	C#CC(CC)N
11	C#CC(CC)NC
11	C(C)(C)=CNCC
11	C(C(CC#C)N)#N
11	C(CC(C#C)N)#N
11	C1N(C=CC=1)CC
11	C1CC(C(C=1)N)N
11	C1CC(C(C=1)O)N
11	C(C(C#CN)O)#N
11	C(CC(N)O)=O
11	C1(CC=CN1C)=O
11	C=C1C(NCC1)=O
11	C1(CNC(C=1)=O)O
11	C1(CNC(C=1)=O)N
11	C1C(N)NC(C=1)=O
11	C(NCO)=O
11	C#CC(NCO)=O
11	C(C)#CN(C=O)C
11	C(C)#CC(NC)=O
11	C(NCNC=O)#C
11	C(N(C=O)CN)#C
11	C#CCN(C=O)C
11	C(N)#CCNC=O
11	C(NC=O)#CCN
11	C(CC)#CNC=O
11	C(N1CC=CC1)=O
11	C=CC(C=O)=O
11	C1C(NC=NC#1)=O
11	C1NCC(C=1O)=O
11	C1NCC(C=1N)=O
11	C=C1C=CC(N1)O
11	C1NC(C=CC=1)O
11	C(C1NCNC=1)#N
11	C1(C)NCC(C=1)=O
11	C=C1C(C=CN1)O
11	C=C1CC(O)=CN1
11	C1NC=CC(C=1)O
11	C1NC=CCC=1O
11	C1NCNC=1CN
11	C1NCNCC=1N
11	C1NC(C(C=1)N)=C
11	C1NC(CC=1N)=C
11	C1NC=CC(C=1)N
11	C1NC=CCC=1N
11	C=C1C=CC(N1)=O
11	C1NC(C=CC=1)=O
11	C(C(C=CN)=O)#N
11	C(NC)#CC(N)=O
11	C(CO)#CC(N)=O
11	C(C(N)=O)#CC#N
11	C(N)#CCC(N)=O
11	C(CN)#CC(N)=O
11	C(CC)#CC(N)=O
11	C#CC=CC(N)=O
11	C1C(C(CN=1)=O)=O
11	C(N)=CN=CC=O
11	C(C1C=CCN1)=O
11	C(C(N)N)(N)=O
11	C(C1C=NCN1)=O
11	C1(C=NCNC1)=O
11	C1(N)NCC(C=1)=O
11	C(CC=CCC)=O
11	C(CC)(CC=C)=O
11	C(C)(CC=CC)=O
11	C(O)#CCC=O
11	C(O)#CC(C)=O
11	C1CC(C(C=1)=O)=O
11	C#CCCC(C)=O
11	C1(COCC1)=O
11	C(CC)(CC)=O
11	C1CC(C(N=1)=C)=O
11	C=C1CC(C=N1)=O
11	C1CC(C=CN=1)=O
11	C1N=CC(CC=1)=O
11	C#CC(C=O)C=O
11	C1(CCC(C1)=O)=O
11	C(C=C(C=O)C)#N
11	C#CC(CN)O
11	C1C(C(CN=1)N)N
11	CC(C)CN
11	C=CCCCN
11	C=CCC(C)N
11	C=CC(C=C)N
11	C#CC(CN)CN
11	C(N)#CCCN
11	C1C(C)CC(C=1)N
11	C(C(C)N)=CC
11	C(CC)=CC(C)N
11	C(CCC)=CCN
11	C(C(C)C)=CCN
11	C(C(C=C)N)=NC
11	C1CN=C(C=1N)N
11	C=C1C(N)=NC=C1
11	C1(C(C=CN=1)N)N
11	C1(CC(O)=CN=1)N
11	C1(CC(C)=CN=1)N
11	C1C(N=C(C=1)N)O
11	C1(C)CN=C(C=1)N
11	C1N=CNCC#1
11	C1NC=NCC#1
11	C1C(C=CN=1)NC
11	C1(N=CC=N1)=C
11	C#CC(C=O)CC
11	C#CC(CCC)=O
11	C=CC(CCC)=O
11	C(C)(N)=CC=O
11	C(CC)(N)=CC=O
11	C=CC(C=CC)=O
11	C(C)=CC(CC)=O
11	C(CC(C#C)C)#N
11	C(C(N=CC)=C)#N
12	C=C(C=CN)CO
12	C=C(C(N)=C)CO
12	C(CCO)#CC
12	C#CN=CCO
12	C=C(CO)O
12	C#CC(C)(CO)N
12	C(CC(N)O)O
12	C#CC(CO)CC
12	C(CO)=C(C)N
12	C(CC(O)=O)#CC
12	C#CN=CC(O)=O
12	C(C(O)=O)#CC#N
12	C=NCC(N)=C
12	C=NCC=CN
12	C#CC=C(N)N
12	C(N)#CC(N)=C
12	C(C(N)=C)#CC
12	C=C(C(N)=CC)N
12	C(N)=CC=CN
12	C=C(C(N)=C)N
12	C=C(C(NC)=C)N
12	C(O)=C(C=CC)N
12	C=C(C(N)=CO)C
12	C(C(C(N)=C)=C)#N
12	C(N)(N)=CC=CC
12	C=CCC=C(N)N
12	C=CC=C(N)N
12	C(C(C(N)=C)N)#N
12	C1(CC=C(N=1)N)N
12	C(N)=CC(N)O
12	C=C(C(N)O)N
12	C(CCC)=CN
12	C=C(CCC)N
12	C(C(C)C)=CN
12	C=C(C(C)C)N
12	C(CC=CC)=CN
12	C=C(CC=CC)N
12	C=C(C=CN)CN
12	C=C(C(N)=C)CN
12	C=C(C=CNC)N
12	C(NC)=CC=CN
12	C1NCC=C(N=1)N
12	C1NCC(N)=CN=1
12	C1NC(N)=CCN=1
12	C1NC=C(CN=1)N
12	C1(CC=C(N)N1)=N
12	C1NC(C=CC=1)=N
12	C=C1C=CC(N1)=N
12	C=C1C=CNC1
12	C(O)=C1CCCN1
12	C1C(C)C(C)NC=1
12	C1NCC(C=1)CN
12	C1CCNC=1N
12	C=NCC(NC)=C
12	C=NCC=CNC
12	C#CC#CNC=C
12	C#CC=C(N)NC
12	C#CC(NC)=CN
12	C(N)#CC=CNC
12	C(N)#CC(NC)=C
12	C#CC(NC)=CC
12	C(C)#CC(NC)=C
12	C(C)#CC=CNC
12	C#CC=C(C)NC
12	C#CC=CNC=C
12	C#CC(NC=C)=C
12	C(C=C)#CNC=C
12	C=CC=C(N)NC
12	C#CC=CNC=N
12	C#CC=CNCC
12	C#CC=CNC#C
12	C#CC=CNCN
12	C#CC=CNCO
12	C#CC(NC=N)=C
12	C#CC(NCC)=C
12	C#CC(NC#C)=C
12	C#CC(NCN)=C
12	C#CC(NCO)=C
12	C#CC(NC=C)O
12	C(CCC)=CNC
12	C=C(CCC)NC
12	C(C(C)C)=CNC
12	C=C(C(C)C)NC
12	C=CNCC(C)C
12	C1N(C=CC=1)C
12	C#CN(C=C)CO
12	C#CC=CN(C)C
12	C#CC(N(C)C)=C
12	C(C=CCN=C)#N
12	C(C(N)=CC#C)#N
12	C(C(C#C)=CN)#N
12	C(C=CC#CN)#N
12	C(C(C#CN)=C)#N
12	C(C(C#C)=CC)#N
12	C(C(C#CC)=C)#N
12	C(C=CC#CC)#N
12	C(C(C)=CC#C)#N
12	C(C(N)=CC=C)#N
12	C(C(C(N)O)=C)#N
12	C(C(CCC)=C)#N
12	C(C(C(C)C)=C)#N
12	C1(CN=CC1NC)=O
12	C1(C=NCC1NC)=O
12	C1(C(C=CC1)NC)=O
12	C1CC(C(C=1)=O)NC
12	C1C(N=CC#1)N
12	C1NC(C(N=1)O)=C
12	C1CC(C(N=1)O)=C
12	C1C(N=CC=1O)O
12	C1C(N=CC=1N)O
12	C(N)=NCC=CN
12	C(N)=NCC(N)=C
12	C(N)=NC(C=C)N
12	C(C1CN=CN1)=O
12	C1NCC(CN=1)=O
12	C=NCC(C=C)N
12	C1(C(N=CC=1)N)N
12	C1C(N=CC=1C)N
12	C1NCN=CC#1
12	C1N=C(CC#1)O
12	C1CN=C(C#1)O
12	C#CC=NCN
12	C(C)#CC(C)=O
12	C1NC=CCC#1
12	C(C(C#C)=O)#N
12	C(C)#CC=O
12	C(CC)#CC=O
12	C#CN=CC
12	C1CN=C(C=1N)O
12	C=C1C(O)=NC=C1
12	C1(C(C=CN=1)N)O
12	C1(CC(O)=CN=1)O
12	C1(CC(C)=CN=1)O
12	C1C(N=C(C=1)O)O
12	C1(C)CN=C(C=1)O
12	C#CN(C=N)CO
12	C#CC#CNC=N
12	C#CC(C(N)=N)=C
12	C(C=C)#CNC=N
12	C#CC(C(N)=N)N
12	C(C=O)#CC(N)=N
12	C#CC(NC=N)O
12	C(NC)#CC(O)=O
12	C(CN)#CC(O)=O
12	C(CC)#CC(O)=O
12	C(C(C#C)CN)#N
12	C(C(C#C)(C)N)#N
12	C(C(C#CN)C)#N
12	C(CCC#CN)#N
12	C=C(C)C
12	C=CCC=C
12	C#CC(C)=CC
12	C1CC=CC=1N
12	C1CC(N)=CC=1
12	C(C(CN)O)#CC
12	C#CC(CNC)O
12	C(C(C#C)CO)#N
12	C(CC(C)O)#CN
12	C(C(CC)O)#CN
12	C(CCCO)#CN
12	C(C(C)O)#CN
12	C#CCC(CC)O
12	C#CC(C)(CN)O
12	C1C=NC(CO)N=1
12	C(CCOC)=O
12	C(COC)(C)=O
12	C(C=NC)(C)=O
12	C(CC(C=O)=C)=O
12	C=C(C=O)C(C)=O
12	C=CC(C(C)=O)=O
12	C(C)(C(C=C)C)=O
12	C(CC=CC)=O
12	C1NC(CN=1)=O
12	C1NCC(N=1)=O
12	C1(CN=C(C)N1)=O
12	C1(CNC(C)=N1)=O
12	C1(CN=CCN1)=O
12	C1(C(CNC1)=O)=O
12	C(CN=CC=O)=O
12	C1CN=CC=1N
12	C1(CN=CC=1)N
12	C(C(CN)N)#CC
12	C=CC(C=N)=O
12	C=CC(C)=CC
12	C=CC=CC
12	C1C(C=CC=1)C
12	C1(CN(C)CC1)=O
12	CC1CCCN1
12	C1CCCCN1
12	C#CN(CO)CC
12	C#CC#CNCC
12	C(C(CC)N)#CO
12	C(C(C)CN)#CO
12	C(C(C)(C)N)#CO
12	C(N)#CCC(C)N
12	C(N)#CC(CC)N
12	C(N)#CCCCN
12	C(N)#CC(C)N
12	C(N)#CC(C)NC
12	C(N)#CCCNC
12	C(C=C)#CNCC
12	C#CC(NCC)O
12	C#CCC(CC)N
12	C#CC(CN)(C)N
12	C=CC(CCC)N
12	C(C(CC)N)=CC
12	C1(C(CCC1)N)=O
12	C(C(C(O)=C)O)#N
12	C(CC(O)O)=O
12	C1CNC(C=1N)=O
12	C=C1C(NC=C1)=O
12	C1C(NC(C=1)=O)O
12	C1(C)CNC(C=1)=O
12	C(N(C=O)C)#CN
12	C(NC=O)#CNC
12	C1C=CN(C#1)C=O
12	C(C=O)#CNC=O
12	C#CC(N)NC=O
12	C(NC=C(C)C)=O
12	C(N1C=CC=C1)=O
12	C1N(C=O)C=NC#1
12	C(C1NCCC=1)#N
12	C(O)=C1C=CCN1
12	C1NCC=CC=1O
12	C=C1C=CNC1N
12	C1NC(O)=C(C=1)C
12	C=C1CC=C(N1)O
12	C1NC(O)=CC=1N
12	C1NC(O)=CCC=1
12	C1NCNC=1C=O
12	C=C1C(C=CN1)=O
12	C1NC=CC(C=1)=O
12	C(NC)=C(C=C)N
12	C#CC(C(N)=O)=C
12	C#CC(C(N)=O)N
12	C(C=O)#CC(N)=O
12	C#CC(C(C)=O)=O
12	C1NC(C(N=1)=O)=C
12	C1CC(C(N=1)=O)=C
12	C1(C(C)NC=N1)=O
12	C1(C=C(C=N1)O)=O
12	C1(C=C(C=N1)N)=O
12	C1(CCNC=N1)=O
12	C(N=CC=CN)=O
12	C(N=CC(N)=C)=O
12	C(N)#CC(CN)=O
12	C(N)#CC(C=O)N
12	C#CC(C(N)N)=O
12	C(CC(C)=CC)=O
12	C(N=C(C=C)N)=O
12	C(CCC=O)#CO
12	C(CC(C)=O)#CO
12	C#CC(C(C)=O)C
12	C(C(CC#C)=O)#N
12	C(CC(C#C)=O)#N
12	C(C(N)=O)(N)=O
12	C1N=C(C(C=1)=O)N
12	C(CCN)#CC
12	C1CCC(C=1)N
12	C1CC(CC=1)N
12	C(CC(N)O)N
12	C#CC(CN)CC
12	C#CC(CCC)N
12	C(C)(N)=CCN
12	C=CC(C=CC)N
12	C=C1C=CC(N)=N1
12	C1C(N)=NC(C#1)=N
12	C1N=C(C(C#1)O)N
12	C1N=C(C=CC=1)N
12	C1N(C=NC#1)C
12	C1N=CC(C=1)=C
12	C1CCC(N=1)=C
12	C1N=CC=NC=1
12	C1(CCCCC1)=O
12	C1(CCC(C)C1)=O
12	C1CCCC(C=1)=O
12	C(C(C)=CC=O)#N
12	C(C1C=CCC1)#N
13	C(C)#CCO
13	C(CC)#CCO
13	COCCCO
13	C(CCO)=CC
13	C(CC(O)O)O
13	C(C(C)=CCO)#N
13	C1(N)NCN=CC=1
13	C1NCN=CC=1N
13	C1(CC=C(N=1)N)O
13	C(C)=C(C(C)=O)N
13	C1NC(N)=CCC=1
13	C(C(C(N)=C)=O)#N
13	C(C)=C(C=O)N
13	C(CC)=C(C=O)N
13	C(C)=NC=CN
13	C(C)=NC(N)=C
13	C=C(C(C)=CC)N
13	C(N)=CC(C)=CC
13	C1N(C(N)=CN=1)C
13	C1N(C=C(N=1)N)C
13	C1NCNC=CC=1
13	C=C1C=CNCN1
13	C=C1C(NCN1)=C
13	C1C(C)(CNC=1)O
13	C1CC(C)NC=1N
13	C1CCCNC=1N
13	C1CC(CC)NC=1
13	C1NCC(C=1)(C)N
13	C1CCNC=1C
13	C1C(CNC=1)CC
13	C(C)=C(C=O)NC
13	C(C)(NC)=CC=O
13	C(C)=NC=CNC
13	C(C)=NC(NC)=C
13	C1N(C(N)=CC=1)C
13	C1N(C(C)=CC=1)C
13	C#CN1C=CC=C1
13	C1N(C=CC=1)CN
13	C1N(C=CC=1)CO
13	C1C(CN(C=1)C)O
13	C1CCN(C=1N)C
13	C(C(C=O)=CC)#N
13	C(C=CN=CC)#N
13	C(C)(C(C=C)NC)=O
13	C=CC(C(C)NC)=O
13	C1(CNCC1NC)=O
13	C#CC(C(C)=O)NC
13	C#CC(C(C)NC)=O
13	C1(CNCC1N)=O
13	C1C(N=CC#1)O
13	C#CCN=CN
13	C1(C(N=CC=1)O)N
13	C1C(N=CC=1C)O
13	C1CN=C(CO)N=1
13	C=NCC(C)=O
13	C1(C=NCN1)=O
13	C1(C=NC(C)N1)=O
13	C1(C=NCCN1)=O
13	C#CC#CNC
13	C(C=C)#CNC
13	C#CC#CC#N
13	C(C=C)#CC#N
13	C1C=CCC#1
13	C1CN=CC#1
13	C1C=C(NC#1)O
13	C1C(N=CC#1)=O
13	C#CC=NC=O
13	C(C)#CCN
13	C1N=C(C(C=1)=O)O
13	C=C1C=CC(O)=N1
13	C1C(O)=NC(C#1)=N
13	C1N=C(C(C#1)O)O
13	C1N=C(C=CC=1)O
13	C1C=CC(NC#1)=N
13	C#CC(C(N)=N)=O
13	C(C=O)#CC(O)=O
13	C(C(C)(C)C)#N
13	C(C(C)CC=C)#N
13	C(C(C=CC)C)#N
13	C(CCC=CC)#N
13	C(C=C)#CC
13	C=CC(N)O
13	C#CC(CC)=C
13	C#CC=CCC
13	C#CC(C)=CN
13	C(O)=CC=O
13	C(C(CO)N)#CC
13	C=C1CNCC1O
13	CC(C)(C)O
13	C=CCC(C)O
13	C#CC(C)(CC)O
13	C1CCC(C=1N)O
13	C1CC(CC=1N)O
13	C1C(CCC=1N)O
13	C(C(C)O)=CC
13	C=CC(CC)O
13	C1C(C)CC(C=1)O
13	C1C(C)C(CC=1)O
13	C1C(C=CN=1)(C)O
13	C1C(C=CN=1)CO
13	C=C1C=NCC1O
13	C1CCC(CO)N=1
13	C(CCN=C)=O
13	C(N)#CC(C)=O
13	C(C)(C(N)O)=O
13	C(CC(CN)=C)=O
13	C=C(C(C)=O)CN
13	C(C(C#C)C=O)#N
13	C(CCC=O)#CN
13	C(N=CC(C)=O)=O
13	C=C1CNCC1N
13	C#CC(C=O)C
13	C1C(C=NC#1)=O
13	C(CCN)=CC
13	C1CC=CC=1
13	C1CCNC=1NC
13	C1N(C)CCC=1N
13	CC(C)(C)N
13	C=CNC(C)(C)C
13	CNC(C)(C)C
13	C#CNC(C)(C)C
13	CNCC(C)C
13	C#CNCC(C)C
13	C=CCC(C)NC
13	C=CCCCNC
13	C#CC(C)(CC)N
13	C1CCC(C=1N)N
13	C1(CC(CC=1)N)N
13	C1(CCC(C=1)N)N
13	C(C)(C(C)N)=CC
13	C=CC(C)(CC)N
13	C(C(C)NC)=CC
13	C(CCNC)=CC
13	C=CC(CC)N
13	C=CC(CC)NC
13	C1C(C)C(CC=1)N
13	C1C(C=CN=1)(C)N
13	C1C(C=CN=1)CN
13	C(C(C#CC)O)#N
13	C1(CC=C(N)N1)=O
13	C#CC=CNC=O
13	C#CC(NC=O)=C
13	C(C(N)N)#CC=O
13	C(NCN)#CC=O
13	C#CN(C=O)CO
13	C#CC#CNC=O
13	C(C=C)#CNC=O
13	C#CC(NC=O)O
13	C1C(N=C(C#1)N)=O
13	C=C1C=CNC1O
13	C1NC(O)=C(C=1)N
13	C1NC(O)=CC=1O
13	C1NC(O)=CC=1C
13	C#CC(C(N)=O)=O
13	C(N)=NC(C=C)=O
13	C1(C(N)=CC=N1)=O
13	C1(C=C(C=N1)C)=O
13	C(C(C=O)O)#CC
13	C(C)#CC(CN)=O
13	C(C(C=O)N)#CC
13	C(O)#CC(CC)=O
13	C(C(C=O)C)#CO
13	C(CC(C)=O)#CN
13	C(N)#CC(CC)=O
13	C#CCC(CC)=O
13	C1(C(CCC1)=O)=O
13	C(C(C=O)=O)#CN
13	C(C(C)N)#CC
13	C(CC)#CCN
13	COCCCN
13	COCC(C)N
13	C(C(C)N)=NC
13	C=C(C=O)CCN
13	C=C(C=O)C(C)N
13	C(C(C=C)N)=N
13	C(CCN)(O)O
13	C1CCC(CC1)N
13	CC1CCC(C1)N
13	C1CCCC(C=1)N
13	C(C(C)=CCN)#N
13	C1C(C(N)=NC#1)=C
13	C1C(C(N)=NC#1)C
13	C1C=CC(N)=NC#1
13	C1CCC(N)=NC#1
13	C1C=NC(C#1)=N
13	C1N=CC(N=1)=C
13	C1N=CC(C#1)N
13	C1N=CC=CN=1
13	C(C=N)(CCC)=O
13	C(C)(C)=CC(C)=O
13	C(C(C=CC)=O)#N
13	C(C)(C)=CC=O
13	C(C)(CN)=CC=O
13	C(C)(CC)=CC=O
13	C(C1CCCC1)#N
14	C(C)#CC(CO)=O
14	C(C)=C(CO)N
14	C(C(CO)=CC)#N
14	C(O)=CCO
14	C=NCCCO
14	C#CC(C)CO
14	C(N)#CC(CO)=O
14	C(CO)=C(C)C
14	C#CC(N)=CNC
14	C(NC)#CC=CN
14	C(NC)#CC(N)=C
14	C(C=C(C#C)N)#N
14	C(C=CN)#CC#N
14	C(C(N)=C)#CC#N
14	C(C=C(C=C)N)#N
14	C1(NC(N)=CC=1)O
14	C(CN)(N)=CC
14	C=CC=C(C)N
14	C=CC(N)=CC
14	C=C(C=CN)CC
14	C=C(C(CC)=C)N
14	C(CC)=CC=CN
14	C=C(C=CCC)N
14	C(N)=C(C=CN)C
14	C=C(C(C)=CN)N
14	C(C(C=CN)C)=O
14	C(C(C(N)=C)C)=O
14	C1N=CC(C=1N)=O
14	C1(N=CC(C=1)=O)N
14	C1C=C(C(N=1)=N)N
14	C1C(N)=CC(N=1)=N
14	C1C(C=C(N=1)N)N
14	C1C(C(N)=CN=1)N
14	C1NC=CC=1C
14	C12CCC(N1)=CN=2
14	C1CC=CC=1NC
14	C1CC(NC)=CC=1
14	C1CN=CC=1NC
14	C1(CN=CC=1)NC
14	C(C)#CCNC=C
14	C=CC=C(C)NC
14	C(C)=C(C=C)NC
14	C=CNC(C=C)O
14	C1C=CN(C#1)C
14	C(C1C=CCC=1)#N
14	C(C1CC=CC=1)#N
14	C(C1C=NCC=1)#N
14	C(C1CN=CC=1)#N
14	C(C(CN)=CC)#N
14	C(C(C)=CC=C)#N
14	C(C(C=C)=CC)#N
14	C(N)#CC(C=O)NC
14	C(N)#CC(CNC)=O
14	C1(C(CCC1)NC)=O
14	C1C(C(CN=1)=C)O
14	C1(CO)CCCN=1
14	C(CC=NC)=O
14	C=NCC(C)N
14	C1C(N=C(C#1)O)=O
14	C1C(C(O)=NC#1)=C
14	C1C(C(O)=NC#1)C
14	C1C=CC(O)=NC#1
14	C1CCC(O)=NC#1
14	C1CNC(C=1C)=N
14	C#CC#CC(N)=N
14	C(C=C)#CC(N)=N
14	C(C)#CCNC=N
14	C(CCC#CC)#N
14	C(C(C#CC)C)#N
14	C(C1CC=CC1)#N
14	C=CCOC
14	C=CC(O)O
14	C1CC=CC=1C
14	C(O)=CCN
14	C(C(C)O)#CNC
14	C(CCO)#CNC
14	C(C(C)O)#CC#N
14	C(CCO)#CC#N
14	C(C(C)O)#CC
14	CC(C(N)O)O
14	C#CC(CCC)O
14	C1CC(CC=1)O
14	C1CCC(C=1)O
14	C1C(CO)N=CN=1
14	C1C(CN=CN=1)O
14	C(CN=CC)=O
14	C(C)(N=CC)=O
14	C(C)=C(C(C)=O)C
14	C1(CN=CN1C)=O
14	C1(CN(C=N1)C)=O
14	C=CC(CC)=C
14	C=CC=NC
14	C=C(C=O)C=C
14	C1CCCCC=1
14	C1C(C)CCC=1
14	C1CC(C)CC=1
14	C1CCC=CC=1
14	CN1CCCC1C
14	CN1CCCCC1
14	C(C1CNCC1)=O
14	C(NC)#CC(C)N
14	C(NC)#CCCN
14	C(C(C)N)#CC#N
14	C(CCN)#CC#N
14	C(C)#CCNCC
14	C(CCNC)#CC
14	C(C(C)NC)#CC
14	CC(C(N)O)N
14	C1CC(CC=1)NC
14	C1CCC(C=1)NC
14	C(C(C=CO)O)#N
14	C(C(N)O)#CC=O
14	C(CN)#CC=O
14	C1C=CC(NC#1)=O
14	C(N)=NC(C=O)=C
14	C(N)=NC=CC=O
14	C1(CO)NC=CN=1
14	C1C(O)=C(NC#1)O
14	C1NC=CC=1CO
14	C1NC=CC=1CN
14	C1NC=C(C#1)N
14	C#CC#CC(N)=O
14	C(C=C)#CC(N)=O
14	C=C1C(CNC1)=O
14	C1CCC(C=1N)=O
14	C1(CC=C(C1)N)=O
14	C1(CCC(C=1)=O)N
14	C=CC(CC)=O
14	C1(CC=CC1C)=O
14	C(C1C=NC=C1)=O
14	C(C(C=O)=O)#CC
14	C(C(C)=CC=O)=O
14	C=NCCCN
14	C#CC(C)CN
14	C(CN)#CC(N)N
14	C(NCN)#CCN
14	C(C(C)N)=C(C)C
14	C(C(C=CC)N)#N
14	C(CN)=C(C)C
14	C(C)(CC)=CCN
14	C1CN=C(C=1C)N
14	C1CC(CN=1)=C
14	C=C1C=NCC1
14	C1(CN=CC=1)C
14	C1CC(C)=NC#1
14	C1CCC=NC#1
14	C1(CCC(C=1)=O)O
14	C1(C)N=CC(C=1)=O
14	C(C=C(C#C)C)#N
14	C(C=C(C=C)C)#N
15	C(N)#CC(C=O)O
15	C(CCO)=NC
15	C(C)=NCCO
15	C=C(C=C)CO
15	C(CO)#CCN
15	C1N(C=CC=1N)C
15	C1NC(N)=CC=1N
15	C1NC=C(C=1N)N
15	C1(C)CC=C(N=1)N
15	C1(C)CC(N)=CN=1
15	C1CCC=C(N=1)N
15	C1CCC(N)=CN=1
15	C1C=CNC(C#1)=N
15	C1C(C)CNC=1
15	C=CNCC=CO
15	C1CCN(C=1C)C
15	C1N=CCN=1
15	C(C(C=O)NC)#CC
15	C(C)#CC(CNC)=O
15	C1C(CO)=NCN=1
15	C1C(C=NCN=1)O
15	C(C=NCC)=O
15	C1(C=NCN1C)=O
15	C=NCC=C
15	C(CCN)=NC
15	C1(C)C(N=CC=1)N
15	C1CN=CC=1C
15	C1NC#CC#1
15	C1CN=C(C=1C)O
15	C#CC#CC(O)=O
15	C(C=C)#CC(O)=O
15	C(CCCOC)#N
15	C(C(C)COC)#N
15	C(C(C=NC)C)#N
15	C(CCC=NC)#N
15	C#CC(C)=C
15	C(N)(O)=CC
15	C1(C)C(CNC=1)O
15	COCC(C)O
15	CC(C(O)O)O
15	C1CC(CC=1C)O
15	C1C(C)(CCC=1)O
15	C1CCC(C=1C)O
15	C(C(C)O)=NC
15	C1CCCC(C=1)O
15	C1CCC(CC=1)O
15	C1CC(C)(CN=1)O
15	C1CC(CO)CN=1
15	C1C(C)(CCN=1)O
15	C1C(CO)CCN=1
15	C1C(C(C)CN=1)O
15	C(CC=O)#CNC
15	C(NC)#CC(C)=O
15	C(CC=O)#CC#N
15	C(C(C)=O)#CC#N
15	C(CC(CC)=C)=O
15	C=C(C(C)=O)CC
15	C(CC(C)=CN)=O
15	C(N)=C(C(C)=O)C
15	C(O)=C(C)N
15	C1NCC(C=1C)N
15	C(C(C=C)CN)=O
15	C=CC=C(C)C
15	CC(C(O)O)N
15	C1CC(CC=1C)N
15	C1C(C)(CCC=1)N
15	C1CCC(C=1C)N
15	C=CC(CN)CC
15	C=C(CC)CCN
15	C=C(C(C)N)CC
15	C(C(C=C)(C)N)=O
15	CC1CCCC1N
15	C1CCC(CC=1)N
15	C1CC(C)(CN=1)N
15	C1CC(CN)CN=1
15	C1C(C)(CCN=1)N
15	C1C(CN)CCN=1
15	C1C(C(C)CN=1)N
15	C1CNC(C=1C)=O
15	C(C)#CCNC=O
15	C=C1C(O)=CNC1
15	C1CCNC=1CO
15	C1C(C)=C(NC#1)O
15	C1NC(O)=CCC#1
15	C1NC=C(CO)N=1
15	C1NC=C(CN=1)O
15	C1NC=CC=1C=O
15	C1C=C(C)NC#1
15	C(C=O)#CC=O
15	C(C)=NCCN
15	C=C(C=C)CN
15	C(CN)#CCN
15	C(N)=NC(CN)=C
15	C(N)=NC=CCN
15	C(CN)=C(C=O)C
15	C1C(CCC=1O)N
15	C1C(C=C(C)N=1)N
15	C1C(N=C(C#1)N)=C
15	C1C(C)N=C(C#1)N
15	C1C=CN=C(C#1)N
15	C1CCN=C(C#1)N
15	C1C(C=CN=1)C
15	C1C(C=NC#1)NC
15	C(C1CNC=N1)=O
15	C1(CCCC1)=O
15	C(C(C=C)CC)=O
15	C=C(C=O)CNC
16	C(CO)=NCC
16	C(CO)#CC=O
16	C1NC(N)=CC#1
16	C=C(C=CN)C
16	C=C(C(N)=C)C
16	C1(N)NC(C)=CC=1
16	C1NC(C)=CC=1N
16	C(C(N)=CC=O)=O
16	C1NC(NC)=CC#1
16	C1NC=C(C#1)NC
16	C=C(C=CNC)C
16	C=C(C(C)=C)NC
16	C=CNC(O)=CC
16	C=CNC(C)=CO
16	C1N(C#CC#1)C=C
16	C(C1NC#CC=1)#N
16	C(C1C#CNC=1)#N
16	C(C=CC(C)=C)#N
16	C(C(C(C)=C)=C)#N
16	C1C=NCN=1
16	C1N=C(CO)CN=1
16	C1(C)C(N=CC=1)O
16	C(C(C)CN=C)#N
16	C(CCCN=C)#N
16	C=NCC(C)O
16	C1C(C)C(CN=1)O
16	C1C(C)C(CN=1)N
16	C1NCN=CC=1O
16	C(CN)=NCC
16	C1C(N=C(C#1)C)N
16	C1CC=NC(C#1)N
16	C(C1CNCN=1)=O
16	C(O)#CC
16	C1C(N=C(C#1)O)=C
16	C1C(C)N=C(C#1)O
16	C1C=CN=C(C#1)O
16	C1CCN=C(C#1)O
16	C1N(C#CC#1)C=N
16	C(C(C#C)(C)C)#N
16	C(C)=NC=C
16	C1CC(C)=CC=1
16	C=C1C=CCC1
16	C1CC=CCC=1
16	C1CC(C)=CN=1
16	C#CC(C)(C)O
16	C1CCCC=1C
16	C=CC=C(CO)N
16	C1CC(O)=CC=1
16	CCC1CNCC1
16	C1CC2CCC1N2
16	C=C1CNCC1
16	C1N(C#CC#1)CC
16	C#CC(C)CNC
16	C#CC(C)(C)N
16	C#CC(C)(C)NC
16	C=CCC(C)(C)N
16	C(CCN)=C(C)C
16	C=CC(C(C)C)N
16	C1C=CNC(C#1)=O
16	C(N=CCN)=O
16	C(N)=NCC=O
16	C=C1CC=C(N)N1
16	C(O)=C1C=NCN1
16	C(C)(O)=CNC
16	C1(CO)CCNC=1
16	C1(C(C)CNC=1)O
16	C1NCCC=1CN
16	C1NCC(C=1N)C
16	C1(C(C)=CC=N1)=O
16	C1NCC(C=1C)=O
16	C(C(C=O)C=C)=O
16	C(C)(C(O)O)=O
16	C1(CC=C(C)C1)=O
16	C1CCC(C=1C)=O
16	C1(CCCC1C)=O
16	C1(CCC=CC1)=O
16	C(C1CN=CC1)=O
16	C(C1C=NCC1)=O
16	C1(C=NCC1C)=O
16	C1NCC(CN)N=1
16	C1CCC(C1)N
16	C1N=CC(C#1)O
16	COC
17	C(CO)#CCO
17	C(N)=NCCO
17	C1(N)NC(N)=CC=1
17	C1C(C=C(N=1)N)O
17	C1C(C(N)=CN=1)O
17	C(C)=C(NC)O
17	C#CNC(O)=CC
17	C(O)=C(C)NC
17	C#CNC(C)=CO
17	C1C(C)CN(C=1)C
17	C(C(O)=CC)#N
17	C(C(C)=CO)#N
17	C1C(N=C(C#1)C)O
17	C1CC=NC(C#1)O
17	C(C=NCN)=O
17	C1NC(CN=1)=CO
17	C1(CN=CC1C)=O
17	C1(CNCN=1)CN
17	C(C=C)#CCO
17	C(CCN=CC)#N
17	C(C(C)N=CC)#N
17	C=NC=CC
17	C1CC(C)C(C=1)O
17	C1CC(C)(CC=1)O
17	C1C(CCC=1C)O
17	C=C1CCC(C1)O
17	C1C(CCC=1)CO
17	C=C1C(CCC1)O
17	C(CC(C)=C)=O
17	C=C(C(C)=O)C
17	C1(CNCC1C)=O
17	C=CCC(C)=C
17	C=CC(CO)=CN
17	C=C(C(O)=CN)C
17	C(N)=C(C=C)CN
17	C=C(C(N)=CN)C
17	C1CCCC=1
17	CC1(C)CCCN1
17	C1CC(C)C(C=1)N
17	C1CC(C)(CC=1)N
17	C1C(CCC=1C)N
17	C=C1CCC(C1)N
17	C1C(CCC=1)CN
17	C=C1C(CCC1)N
17	CC1(CCCC1)N
17	C1CC(CC=1O)N
17	C1N(C#CC#1)C=O
17	C1NC(CO)=CN=1
17	C1C=CNC(C#1)N
17	C1NCCC=1C=O
17	C1C(O)=CNC#1
17	C1C(N=C(C#1)C)=O
17	C1C(N=CCC#1)=O
17	C(CC=C(C)C)=O
17	C=CC(C(C)C)=O
17	C(N=CC=O)=O
17	C(N)=NCCN
17	C=C(C(CC)=O)C
17	C=C(C=O)C=NC
17	C=NC
18	C(CO)=NCN
18	C=C(C)CCO
18	C(N=CCO)=O
18	C=C(C=NC)CO
18	C=CC(N)=CCO
18	C1NC(N)=CC=1O
18	C1NC=C(C=1N)O
18	C(CC=NCC)#N
18	C(C(C)=NCC)#N
18	C(CN)=NCN
18	C=NCC(C=O)=C
18	C(C(C)=C)#CN
18	C(C(CC)N=C)#N
18	C(N)=NC=C
18	C=C1CC=CC1
18	C1CCC(C1)O
18	C(C(C(C)=C)N)=O
18	C=C(C(CN)=O)C
18	C=C(C)CCCN
18	C=C1CCCC1
18	C1CC=CC=1O
18	C=CC(C=O)=CN
18	C(N)=C1CNCC1
18	C1C2CCC(C2)N1
18	C(CCN)#CCO
18	C(C(C)N)#CCO
18	C=C(C)CC(C)N
18	C=CCC(C)CN
18	CNC1CCCC1
18	C=C(C=O)C=O
18	C1C=CNC(C#1)O
18	C(N)=C1CNCN1
18	C1CC(C(C=1)=O)C
18	C1(C)CCC(C=1)=O
18	C1(CCC(C1)=C)=O
18	C(C1C=CCC1)=O
18	C=C1C(CCC1)=O
18	C1(CC=C(C1)O)=O
18	C=C(C)CCN
18	C=C(C)C(C)N
18	C=C(C)C(CC)N
18	C=C(C=NC)CN
18	C(CCCN=C)=O
18	C=NCC=CC=O
19	C=NCC(CO)=C
19	C=C(C=O)CO
19	C=NCC=CCO
19	C=C(C=C(N)N)C
19	C(NC=C)=NC=C
19	C(C(CC)=NC)#N
19	C=NCC(CN)=C
19	C(CCC=NC)=O
19	C(C=CC=NC)=O
19	C(NC=N)=NC=C
19	C(CCN=CN)#N
19	C(C(C)N=CN)#N
19	C=C(C=C)C
19	C(C(C)(C)O)#CN
19	C(C(C)CO)#CN
19	C1CC(CO)CC=1
19	C1CC(CN)CC=1
19	C=C(C=CC)C
19	CC1CNCCC1
19	CC1CC(C)CN1
19	CC1CNCC1
19	C(N)#CC(C)(C)N
19	C(N)#CC(C)CN
19	C(C1CCCC1)N
19	C1CCC(C=1O)N
19	C=C(C=O)CN
19	C=C(C(C=O)=O)C
19	C(CCC(C)=C)=O
19	C(CC=O)#CCO
19	C(CO)#CC(C)=O
19	C(C)(CC(C)=C)=O
19	C(C(C)CC=C)=O
19	C=NCC=CCN
19	C=C(C=O)C=CC
19	C=C(C(C=C)=O)C
19	C(C(N=C)=C)#N
20	C=C(CO)CO
20	C(CO)=CC=NC
20	C=C(CO)CN
20	C=C(C=CC)CO
20	C1C(CNC=1N)C
20	C(C(C(C)=C)NC)=O
20	C=C(C(CNC)=O)C
20	C(CC=NCN)#N
20	C(C(C)=NCN)#N
20	C(CN)=CC=NC
20	C#CN=C
20	C1NC(CCN=1)=N
20	C1(C(C)N=CN1)=N
20	C=NC(C(N)=N)=C
20	C(C(C=C)(C)C)#N
20	C(CCC(C)=C)#N
20	C(C(C(C)=C)C)#N
20	C=CC(C)CO
20	C=CC(C)(C)O
20	C=C(C)C(C)O
20	C(C(CO)N=C)#N
20	C(C(C)CN)=CC
20	C=CC(C)CN
20	C=CC(C)CNC
20	C=CC(C)(C)N
20	C=CC(C)(C)NC
20	C=C(C)CCNC
20	C=C(C)C(C)NC
20	C(C(C)(C)N)=CC
20	C=C(CN)CN
20	C(NC=NC=C)=O
20	C=NC(C(N)=O)=C
20	C(C1CC=CC1)=O
20	C(C(C=O)C)#CN
20	C(C1CCCC1)=O
20	C1CCC(C=1O)=O
20	C=C(C=CC)CN
20	C=CC(C(C)=C)N
20	C1(C(C)N=CN=1)N
20	C(C(CN)N=C)#N
